cookie_id,score
ck_315fb710a0e371e7,0.0009883705912421578
ck_a76ee3b3e3e522fd,0.027115630286896
ck_94c9a4d382689e82,0.07211661816277688
ck_8eaf9509ad9462a0,0.0004472080471775552
ck_9a88a5a989cb5bc6,0.02783848772829211
ck_15239ef0689c1a35,0.011240454115849886
ck_8de69cd219d3b87f,0.9199530368979754
ck_f92cd37022b0ce21,0.0030531865863591984
ck_1a3ff7620580a514,0.002807398562629946
ck_397c03aa33a57310,0.04634075720919133
ck_a7cf6c3b322f6b7a,0.012686648378476616
ck_c39a9e75760e3201,0.0014657041270301568
ck_88ab6d245228c38e,0.00032966772376954914
ck_17733f75ebdea93e,0.0012414772268480334
ck_58eb871e8d7bed52,0.026944442526805973
ck_e55b7fa67db1ec27,0.0006828744433325848
ck_62f5cfe22c952694,0.007501976001229541
ck_7fbb709a0fe95759,0.0012648316301364765
ck_87abe9cd066a20fb,0.01946787428986668
ck_d58e058b5c553dd5,0.003466840359151462
ck_d27b872648b71202,0.000785908185787512
ck_4b4a3c5b95c55b43,0.00028083854093900897
ck_66dd4f4b4127256d,0.000715013007833727
ck_93cc12703b500613,0.028207305819133707
ck_d28806a2179092eb,0.9971441304949491
ck_0595c2a0c7881e05,0.004028529773463156
ck_50087d8666191144,0.5990574808153782
ck_b08b3f089138c901,0.00939113630192483
ck_fe3b67041dad2dd1,0.0008956819201726009
ck_8449a28f7d475d93,0.013497468986624567
ck_8642e3b6d84f49d3,0.0034037213378364296
ck_e49b5e4f2f2e79db,0.15701765429132242
ck_437afe412ea4259c,0.037229434195980377
ck_569b83668d74042d,0.9068402507618794
ck_233a487d31c3e631,0.9974238250163564
ck_1fca72e03143a645,0.9705885050065457
ck_79205e31223df2ad,0.01245781611274269
ck_9625a64406ea16e3,0.0021828949096828715
ck_079bd18dacb704a8,0.024867490267791777
ck_4db6d4fd2b49aa81,0.00812997909368779
ck_0dbefdac0a1868fb,0.0009761902923775383
ck_24ff97ad90bdd69a,0.01875193423653912
ck_77f8c5042065d506,0.0015710299242827851
ck_f11be8ce05382cec,0.001986660236705195
ck_c9d72140b0389216,0.00852368859938378
ck_69eda24e931fb36a,0.0005966061744683447
ck_ed471e496916ee15,0.0005072025313182296
ck_ff090498c4b17ac3,0.004840684155006158
ck_c3c19d6a0720915c,0.0005046995044444348
ck_af02e1817cfa40b5,0.020543838986985835
ck_2df5a9fc87553eb1,0.002516331348217286
ck_4ac918e884cff336,0.006423459187273484
ck_ca149244b54ef3ad,9.132349566530059e-05
ck_6babe5b8674ff51f,0.013273349989391588
ck_1573878386886290,0.0015624381117102868
ck_3925f8565abb7fe4,0.0033972713857059727
ck_c4de808ae69c771f,0.00024492582864909856
ck_a777c813551281fe,0.0078024850220389345
ck_df4424f6dd85080d,0.015528992911622758
ck_85e5494ec20383ae,0.00905083352831745
ck_f71a4094e889c3af,0.0013177924136055243
ck_f2f3cf9cd23b2809,0.007102562044335988
ck_18e2076397bcc211,0.018153736236788662
ck_c9f9fddef39bc664,0.009113843782260843
ck_7e826e233d6ea028,0.02985758800738811
ck_62fd7eb46bee9210,0.0036802971405621816
ck_206f8e3cd72768f3,0.010186519667382907
ck_aa295a11b0a6ab36,0.0022517264334032125
ck_9a56739d81f84a53,0.000769934544530465
ck_aa075c418ed9fe5a,0.007805764314642299
ck_62b9fb3db284941b,0.002787413750968328
ck_f4f83b1403ebea46,0.010261155286248092
ck_16b66bd803288bc3,0.7879996644760796
ck_c4ca1434f3778f1d,0.9976967969627698
ck_1b823610371a29c0,0.0022882126417684626
ck_c2bd5a722aa637d9,0.0037274812950012282
ck_7890208951df34f0,0.003921533138505895
ck_020eb0e454524ecd,0.001776356350905128
ck_3b66196ccf436c35,0.003060833534790912
ck_109fc467ec0a4af5,0.014558807020126296
ck_f3dcd818db92de7b,0.012493451034219802
ck_31e7742f160980ef,0.003350852728145801
ck_77fce5f86f00b8f4,0.20751542478503895
ck_46bc797b4d07d607,0.0018414640106636435
ck_37899b1b571b1c6b,0.023528521705893878
ck_ef8a6af43fedd464,0.0013007170615333538
ck_bcc8519fe8521038,0.015106008864659105
ck_90696b7182dd9129,0.00759981124139184
ck_4a24ad61d017e1ba,0.005422847219459723
ck_0acc3d8c67218b9d,0.0015083670916219703
ck_05c97fc9de11aba6,0.5012510590220199
ck_f8ac3a0500c0ec62,0.0043908205565910095
ck_617b65141f546a1c,0.0014043672089657962
ck_9d00823bf60388d7,0.00466601190186201
ck_123c15d93f1840f2,0.02226912951612608
ck_573feefba6bf78bb,0.04376418776082848
ck_b25657bd16739036,0.00383933777764966
ck_bd26d2bef14a8597,0.0019730346278297745
ck_a553418f2fba1440,0.01170240819074551
ck_89f3e380b0686963,0.012502643595420072
ck_b359192aa659bdce,0.060460716985689666
ck_02241f3dc301bebf,0.010474032211238188
ck_5ccc1a1c78cb33ee,0.01505349613997886
ck_349cc5edda1b8853,0.015064522641323633
ck_e9f228845bf6e28b,0.06813649274549927
ck_0a45d033d4e280ea,0.0064299589420076485
ck_7e63168dda612235,0.0021848460508968664
ck_676fa5f6aae5475b,0.0031874530007856305
ck_74b502b20690ccfe,0.014009179451639299
ck_073509af21dd7f5f,0.9346188413648551
ck_498a0acd450944d8,0.0006870666109532705
ck_7f15b50b29dead01,0.01055230129803803
ck_8089fe7403c5f537,0.003692820921226911
ck_05b2b04e11d9ae9c,0.004183524720415809
ck_31e70f2f04b48b88,0.0002905714222185646
ck_994316fa5a02b319,0.003650176634158695
ck_b76510998b9a2260,0.003580645349246556
ck_4db95c310e105d30,0.0007799014267152122
ck_6f730b77dc6cdb84,0.002413950919347912
ck_2493ee8e7b91d304,0.009464042989801972
ck_92d679d6ac7dcdcb,0.04507337154592769
ck_3a0e0200cbb185cb,0.003841957023617141
ck_0b2eeb4e00ff7955,0.003906734027919671
ck_9843d0e61c37ebe8,0.9960199903368688
ck_e61c8721e3ef1921,0.002526809552327823
ck_2e0eedaaf2980c2c,0.002263284651778116
ck_9036b2e5e9298a34,0.0019113348235198252
ck_3265442528d51728,0.009164334124555995
ck_f2ddae2eb1cb29b4,0.0024746004758892325
ck_6cfa71d27fc27f92,0.014488298173384248
ck_f3199fbe84a28b9a,0.0024826902971641
ck_b78d785ca3ef773a,0.004498921026638075
ck_374865697f1480eb,0.02469771227782072
ck_06d0e4a9189302a9,0.025023727659205533
ck_9c9884b9bcaa552e,0.12830464779518436
ck_fd4cf578e87703ff,0.009549147125417285
ck_1917ef3e6e345549,0.061446506608705195
ck_e70418b00cbbbac9,0.015681118363928593
ck_a60388296a47062c,0.01412361281489185
ck_d598fe8d2c779ab9,0.003070427452671571
ck_646dc03de4c31803,0.8503092893842874
ck_e4fd8cbd842b6993,0.00307031986760632
ck_2225b555aa2a42ed,0.01995549712139589
ck_6be8ae9d78148882,0.0025318113535197527
ck_4199342d3aca74e8,0.018045973212306533
ck_779581adb573261f,0.04648506693137789
ck_bb303568b6915205,0.08728633493759301
ck_17c4296276448afe,0.0029938280647287627
ck_a60a61ac829252a0,0.0028483631608077105
ck_6ea70950c1cae00b,0.9644432410953289
ck_1abb93f6924645e1,0.004303281409724627
ck_faab769cce19879a,0.04673939870014477
ck_d5b8e74e7ca6355a,0.027540875162420576
ck_f11f7691af16ad07,0.0007418198848646012
ck_188fdf2be7c92e9d,0.9978513830310971
ck_4a103f8254b366f7,0.005425844620771204
ck_bfa17a0b1760e616,0.0010765443786288804
ck_a4d7f6a5869d440a,0.9029003668062228
ck_58e20f5a3e7f11b8,0.32271095941473615
ck_4becdd3d2696c7ba,0.0007499711727836102
ck_dad5cf32ab9f243f,0.0046565802251705216
ck_7d9f73dc7c4f90c3,0.07889486691589716
ck_c19371047a2d011d,0.0015821237309170794
ck_247589ff532f7aa8,0.00801838177006059
ck_7a9f241d5f082567,0.003630059847083926
ck_0a2b7078736b4dda,0.0026774257027492357
ck_687b412e2aac7eb6,0.009908465948995512
ck_fce0b6855886a0b8,0.0023477608311090756
ck_e291cc60920456d0,0.028048730644337383
ck_04219a7ea798db51,0.052445241650626924
ck_286bfd719836e9f3,0.08889656992232364
ck_55efc92394fee232,0.002429737136198566
ck_e36c8da1bd359960,0.01546735420404236
ck_34b0988a97d96902,0.0018170648247385571
ck_e0fb11fc9dcb34e6,0.00634235144582891
ck_bcc9cbc9ed8b7c31,0.004147606241162875
ck_3df8da6f60a89a5b,0.01364559779392756
ck_b1495ee5c59a6b28,0.005913376930516408
ck_58f4c3ac61fda129,0.03137848443322537
ck_735f244b99e3aa8d,0.0033487810947372887
ck_6b93bd8abf87b1d6,0.9875474892135689
ck_12107dacc6d05bd1,0.0004826833654412427
ck_f96db2a1f3448d1f,0.0060751820751876705
ck_8fd91a3c99e19097,0.535805401321591
ck_910205d25388a0ae,0.0023800449424778965
ck_d229dfa0e4442628,0.000536132417278403
ck_7cdec61e1c488798,0.18331487584856476
ck_f66f06e24ff32671,0.00851976783348365
ck_350bf14e90b503f5,0.004461397008670905
ck_61fff5fdaadd394b,0.015330493972293958
ck_e934f984bad2ff91,0.9456313489247631
ck_ff6a6d3547dd2d37,0.03868582254872466
ck_65ad9b15979e3247,0.006540471180773111
ck_bbe1a2ea5a403ad8,0.8634544880150898
ck_6f3a28eecd2c4031,0.006339415655947329
ck_a89b66665714058f,0.007323541249207744
ck_918c92182b6817cd,0.0047278086981311675
ck_64f5eb4be9e7b8fa,0.20881498213684496
ck_d021fd497ea35fb2,0.0036764709852830707
ck_004de16f7d8a42ae,0.008197861326037711
ck_a33d2325f86ab12d,0.003374019294603144
ck_89790ff26c844bc6,0.026661303562658306
ck_e6e7257377c37b28,0.021669000353437162
ck_a2cc3910a641a808,0.6304433652245917
ck_646e270e0195bf05,0.0027596929659787508
ck_baba5d66def0d770,0.06262097337014837
ck_67cdcdda3033842d,0.043493524589178774
ck_b5c3075c811a2216,0.00477182413325084
ck_515379973a8044b8,0.002161727855724896
ck_c0ce85fb4109567d,0.019569894376061464
ck_fef850553862aaca,0.0014952570380329456
ck_55d7217b0aff9fa2,0.004824199337492513
ck_8e139f8925ef7968,0.006825299725567485
ck_9e35b908fca1e4d7,0.0007049428240035235
ck_59735f4ab2ad3da5,0.004305462668288873
ck_dc569c1167ccec0d,0.9773001472617215
ck_1dade5592f90a15c,0.010122626171746828
ck_793048d11fb8b328,0.43814674968449957
ck_545b71eb4fa594b5,0.000763846512802308
ck_bd30853e9a57b544,0.026339117282109182
ck_59f46321ecf6d306,0.003782250826797151
ck_260cfe9141d249f1,0.2569028356714118
ck_3365a0ad1a8aa83c,0.004102741078874934
ck_b0ef193195a2138b,0.006880863095053674
ck_0f909705e2e60f2f,0.000758051506948248
ck_5a540b75c866166a,0.017081205302329136
ck_87c26b2f41025109,0.9968673163245575
ck_27acc9f320cda104,0.03590275849783024
ck_a27bc31eecd9cb9a,0.0050923539191648414
ck_115d86fabde77b65,0.0006231686200719264
ck_eeca179341d56f8a,0.9126050807984011
ck_8e5999c436cf037e,0.0005132848645183087
ck_510e7c5df1f95d90,0.9951638415823556
ck_f1acf73363925958,0.011684474192063917
ck_3c177f5970b68bd3,0.002296136189547917
ck_9cdfaa1c30cc9d32,0.00220921084191659
ck_c8efa1538b37c359,0.0034214922844863294
ck_a8a2e296f9804bd7,0.003825944498278263
ck_91a0ca45f429568d,0.005851982143861921
ck_5fdf8a0bdbd3ed62,0.007331590255382648
ck_0f4e2ec66d50da5f,0.005095931276482059
ck_28c53b214b2ee882,0.0211665633260866
ck_003148504557f720,0.020446723321205566
ck_01d840cffb870615,0.3466843526638609
ck_555848d51f4b5f35,0.006287361891554254
ck_df20cc23b8fb8e22,0.003695881731318998
ck_f9604adde929beff,0.0012012930662617081
ck_d66952b03591bdec,0.003219456777012996
ck_ddcac1ab765ff61a,0.004410369358461034
ck_347386629d96c664,0.0037505394473578164
ck_ab01db9117acfe3d,0.0020967201809003015
ck_58e5359efc52e0ad,0.0028597292766629964
ck_1a524b5cc8da71b3,0.012746856478453552
ck_e9287b6d909d731f,0.0004813250186300527
ck_bb41a66e3d90263b,0.2209078312811526
ck_e95c8cc1864bd584,0.0008779952441481198
ck_7a3f2961e9a8b6dc,0.003838792202380676
ck_378a9df82b1e0bee,0.07509966193870982
ck_42633573639a3f02,0.9965631570406062
ck_2a5a4c18c2c7274b,0.007811105894370342
ck_77549c1a41f837c3,0.007645902584123495
ck_a26704b5b26258b7,0.003172419341229638
ck_9874ad160efddf50,0.010696471279748996
ck_9111e3a04b14dfba,0.05592416389077841
ck_651e076ee43aea85,0.002367532261925527
ck_391639c0f13932f3,0.0004488546591494058
ck_02dbabda93c8c13d,0.010830155190940384
ck_0adcb1fffcb0a34b,0.007198552822350519
ck_7a43ef9c7b1c67b5,0.0038295497956657085
ck_4b9dd69946438d0b,0.0022277894657663187
ck_90bf017cdd37b66e,0.026170923430392165
ck_61c74163eb36556e,0.00465785732757909
ck_13376c59b5bd6943,0.0010906684807678701
ck_62337eccb1672737,0.0021654234959859633
ck_16077934338472bf,0.0012281002064619168
ck_0d4dfd93086e7330,0.0023908649472017887
ck_3865b7525b910893,0.004718136179276343
ck_7e2ae8b69ebd5675,0.0038068802218261576
ck_b4384b6c11766ce7,0.0038377144161429
ck_3d7fa32dfb9fc692,0.015139288094783761
ck_f4a6a7cadd6e0603,0.06979536962785546
ck_212525e2828a6c45,0.003702728613995827
ck_33ad8d53394ba77a,0.8484457337793595
ck_a5051eafe8b51224,0.009548456255482183
ck_f65e5ff7da565f91,0.0031661559260187213
ck_5c37f7563fa7591d,0.0036425809497724064
ck_f1e0a006068aff29,0.005613581450484061
ck_c646cdead6fb79d0,0.0033842171381451023
ck_f8b3cdffef535330,0.06741751865264349
ck_e5cdbe3aa12c97f6,0.002853889572976023
ck_986e4e61440506d0,0.9164672006732008
ck_6da9c5912e15d9a8,0.001181084199897864
ck_51d842e6dae74c71,0.0013297838467434392
ck_5fc65c24e0736d5d,0.9880527115255733
ck_babb95a76c69509d,0.017447571956149314
ck_86a2d852a9715432,0.011734229388027276
ck_db4083a0d043def8,0.17087626933189895
ck_96953b8945b7d403,0.011363366417740769
ck_7831ca5c31fb3859,0.02224311227267429
ck_60ac5e5f375daa38,0.0030198404037955567
ck_05d44eb1f5f085ce,0.008337854210333558
ck_432cc19c7eeaa46e,0.004035862498192107
ck_7fc513033af061af,0.022036250394296346
ck_ada6ede84c111719,0.0031387304964203776
ck_6343e0d3b1c2962b,0.0032954590107428707
ck_010264ae04f2e902,0.05710926931503514
ck_e9dcf535f8c289eb,0.016670933662460655
ck_37143d9cc296e6fa,0.018517123884705066
ck_61fa051192f3e810,0.013505202698986614
ck_f9f93d1d41be1468,0.8892118589598057
ck_c4f4f28457be8a74,0.000520205278979767
ck_323a71f9452d21cb,0.8890426909738242
ck_170f4688e0acd875,0.10557690726173896
ck_869b1878d09d230d,0.06577143312509308
ck_2f6b33bf46976229,0.0018982701925797894
ck_b11e22e75d9b99de,0.0012355338264345966
ck_123d75ffb75b606d,0.0030055626280951556
ck_94295287a04c85d2,0.8501709187679072
ck_1b0434f096795328,0.0011283346293353678
ck_0a4e191cd0a57ce1,0.0009309038430855642
ck_d2fbd0df99634676,0.013481027714153883
ck_d51df5e9fbbbcc94,0.03497241074791285
ck_2d3d7d64a6f443f8,0.003488814010170947
ck_731943c682c9394e,0.0036491193268496864
ck_5ccc0c94e5e1f849,0.0052948185731623194
ck_c3476080516db25d,0.011403434384167296
ck_5010ffb1c94187b5,0.0007943539518128694
ck_7ef666d67bc70223,0.015371712933259412
ck_c1b493527224a27a,0.0012473919018993354
ck_5d1e25d7acc5af9a,0.003942379541763818
ck_ec30b61cbf517db8,0.0012998184331055223
ck_79323eb5d2e5efae,0.0020657362005811137
ck_4085cd3bf2661518,0.005937198741780083
ck_2ca91214c357c072,0.048457578637381815
ck_7f3132d6be389657,0.023997178804787397
ck_e7a6b925c8f39a85,0.013412248740593352
ck_c886adec7bac250a,0.010732785462615342
ck_c3f360c2d0ea0a37,0.0037895318954355274
ck_a7acd5b015823793,0.0020522105812766753
ck_9d64187c0800f84e,0.0034464139967877263
ck_5d4ed73b9efd7d11,0.004860398390726023
ck_874eca6776b34dec,0.0008370862971910328
ck_96a9221a87be93c3,0.024165266512530443
ck_68dd79a51eabf5e6,0.009652522084263327
ck_8311cb6755b2016c,0.0005658960925445252
ck_16fc77b2bcf5ec03,0.9747579433631249
ck_ad9e2088a33c8c72,0.00017836794929082807
ck_7176bbc97b1e42a1,0.0024128915725500984
ck_80dfa54b30f65fff,0.8898340467101958
ck_31c54d540b128843,0.0011204530485540419
ck_43ea894480567274,0.014432958121136374
ck_9c9e8a38bd5a6c88,0.007509359329898237
ck_1c2dcae19539e148,0.012934028731918205
ck_b0fa8b84e94d8ae0,0.004021300473470936
ck_4ceb43ccd0a81c2f,0.002005691757931901
ck_ba845332b730b596,0.0007201276688887828
ck_73d3e8c6077f61e6,0.04211620203502171
ck_b5d0d223ef56473f,0.005335227182493525
ck_949f08f8e80e93ea,0.0014176111064142481
ck_73de0b49709e5f8c,0.002583918121427075
ck_b5935e9722a39819,0.03352815246124187
ck_96247fee0eb44420,0.007265261744445972
ck_a6def1e4b2d57e0d,0.004857799648093165
ck_aecdc5a96321a2d8,0.00429723765414847
ck_bc61c59970f8de49,0.005857692460829237
ck_c43b4175fc9ac5bd,0.9047976787058118
ck_8ff7a9b23a55fd62,0.003729014907845993
ck_20c99b645f462449,0.003501129451327584
ck_a5ce2ae36fb410d9,0.0016782578654709356
ck_96fb9bf556842bbc,0.007101886137248388
ck_b5e4c6dbbed1b773,0.018429206431966993
ck_2085433978e72ea9,0.01717999344621509
ck_2c6b174b063ec637,0.00399588274809569
ck_b20b81b88dabe28d,0.0011494899119960645
ck_243c18dbf150831c,0.0026237937083858597
ck_2bb6a17e8eee35cc,0.0197170046550326
ck_66147fb994495396,0.1271827611772388
ck_73f124f075ede0fc,0.002806131399787577
ck_2e315f1b1e533dab,0.001538260769047792
ck_16c7bf94ed3e7a6f,0.0006918963352451845
ck_4a0eae220a762ac5,0.004524649459303153
ck_dc16f939c2f44ad8,0.03667698221707269
ck_817926b449754917,0.002094833126179243
ck_0c0dde42ab64ef87,0.01563497715278932
ck_cb3a40594da6a2ee,0.04320291194344492
ck_d0dc156441fcfdcb,0.009949282608543181
ck_66f0945add423e9e,0.0019655136722712663
ck_a74f6a3030f5d495,0.025097619252089212
ck_1ae460f331e49ae2,0.0051817701615839
ck_2d177b2f4f0b40c9,0.2021461849695391
ck_92e474e4368c4791,0.006372059636347443
ck_3dee83fa2d109484,0.0014248929593395202
ck_80e5ea27848069fe,0.0017488743817377812
ck_ed0c4a83701ca230,0.0036065514889007983
ck_0b8b7c5c581fd161,0.0002914097570119282
ck_60bf8a2870956fb1,0.0035118280397934167
ck_73a54b56a2bf35fe,0.7655121787478834
ck_2296d7a563424883,0.0030609419898552986
ck_bc19c383560c7477,0.006082865156267107
ck_861d8e3d88f1079e,0.023365256072718055
ck_3f090fc96c24eb28,0.0004888522807732792
ck_9a6a1f8102febfca,0.0036996114328617744
ck_541b6ad5d2fa5a39,0.03203678151233856
ck_a760d38d1bc4de97,0.0027097914373442854
ck_7dca4d7ee10b4eeb,0.0010106232902153487
ck_15220e78d1545e40,0.007285727874034716
ck_ca24bb0de508efb0,0.0066861997617817855
ck_56b389627d8f02c5,0.9939260568841484
ck_48a6754977a44db0,0.002783959748414666
ck_333a43ec339a04cb,0.043540143533672124
ck_f22aacaf86a65d7e,0.05334057730504045
ck_04bd8a1ffaf3ffd8,0.0008233427637091626
ck_2737a72de6b700f3,0.03266237618683578
ck_c35e03b0dd0c3454,0.0033124448839761127
ck_e0571312f395cd94,0.0035587031215256974
ck_09fab6b9825001b2,0.0022315951943854572
ck_18c3a095606209e8,0.002394388387255208
ck_2a97db9377d01e36,0.0023487385169776234
ck_f29dbbfdd2786bd1,0.01464025720014383
ck_35d6c510ad29362e,0.9220026797309916
ck_5468fa99c945d785,0.004123142315883843
ck_6f8102f62c876cc9,0.008352780615741713
ck_91955aab3424ad16,0.00197282386151568
ck_9a43c0c73a39d759,0.01032383183547252
ck_60b023af6d1e30bf,0.8392578497553554
ck_9704c5cf8659cedc,0.02061038849288719
ck_7e5f02b51b9f78bf,0.1253635780502536
ck_7d3a88d1aa649708,0.8969680764461463
ck_8250eddc1ecb07a0,0.032156597361054584
ck_d979ef95ee44023d,0.0068143219898534665
ck_5e5461dac83531ac,0.0014621676883113314
ck_d1bb8890081e0a31,0.027814166016269983
ck_32246c62640648d9,0.000632332262950679
ck_77a40c7d2f862a32,0.004131485190707314
ck_1c8b94efe9238f5b,0.0019404897309693936
ck_eaf3b6d11bc3cb11,0.0015954217062255542
ck_a4a7ef3ad799c380,0.00424945070902595
ck_d5bd8f68da073cd8,0.0018765542882124365
ck_6e6258227fc8db7f,0.001249966084380248
ck_c35d444e05799db6,0.008378527941757422
ck_74665e1209140ae8,0.004924370949239804
ck_353a272478f7e903,0.0016686658751068127
ck_a2c9796ea229a4e2,0.002856539502236297
ck_e0171f91cb3411fe,0.0032662513463422556
ck_703499f5410280f7,0.010259872737068892
ck_ae3a763997f8f385,0.03225778021715208
ck_f7ff94c3df5ac874,0.0032442634186070117
ck_f3c16d8f747db046,0.0069628970668203505
ck_7ef019ed77276496,0.0007247425517041479
ck_d6a4faadab58a3de,0.00671151392816332
ck_ba7b78d31d74c794,0.01125509363103501
ck_36287d063350ce9d,0.0027468981004374073
ck_5177fc7137ff26ce,0.0011145209278701172
ck_dfd4e79aaa967b63,0.004657832662993656
ck_fb44d15fb93a7157,0.02839716869518942
ck_fca478361870a4ca,0.0032762558165766557
ck_e57b94fe57341058,0.004730019617329788
ck_5448c946cc4758fe,0.002513973130689447
ck_c5ece5ffb8800ad4,0.007444462843705431
ck_11cb98211b2ed134,0.9142331739759681
ck_f655399ac75c4450,0.004882717123142524
ck_c817259019588d30,0.0026138761275888763
ck_8740a14d8096c6e1,0.0071302820577443145
ck_0c5ba86f4e05b38d,0.025166722896585357
ck_ccc917533d4b73d4,0.006994687912385369
ck_9eb80edfa43203de,0.0015442054583654876
ck_d1a1cf4cf61d6801,0.011240739746387184
ck_b17c239f160e6017,0.0029381647466447487
ck_410c3e13b48e0415,0.0024614418017246805
ck_ab553954435e8854,0.780614579696643
ck_bdbb4230c91e1604,0.02709199507357625
ck_8fd4937eadd64fb6,0.002471232036795989
ck_e0e90b196bef3c11,0.0003639688003234014
ck_3dc4d464386f0eb2,0.4973544811456556
ck_51bbbf8f8e8ad005,0.9986624375210641
ck_c05737ab74cf03c6,0.7320681688303563
ck_dceabbe04d99afc2,0.0009547109458910802
ck_5b86fd14e85bc9c7,0.911076399295771
ck_d4febf0083800424,0.1416587322953572
ck_77d9f86dcf251739,0.003796142342147332
ck_b4dcebc543deaafb,0.006519647124124714
ck_cb856e75c949b0cc,0.0002924327988144844
ck_61b067de8ffc1ca1,0.004790704534640295
ck_c0e8560ccfd9dd9d,0.0012122417825397662
ck_173e1198c341087b,0.0014230468223546853
ck_b4d55bc809000276,0.008566569061663434
ck_839bf139296b5cea,0.06875122677095946
ck_78cd402a2a4f2e35,0.0007150048071648939
ck_c2925c50ebacbdba,0.00040410909721451475
ck_5e3bc76eddbdb0a6,0.001156564284375803
ck_b7793edca26fc512,0.009054827937874623
ck_d79bdf04d6f31cd5,0.0018640121912379976
ck_4b97d19ed946f503,0.0025544018520969446
ck_37139b41c5370523,0.032997660612297766
ck_8c346eeefa9ce692,0.0035275970731683173
ck_2ab7eddee2d8c49e,0.0017537357807289396
ck_29da59ea3bffb9d8,0.08989556288280098
ck_c1d05ef0ec6e4be7,0.0016908852961978308
ck_3882423b449f6291,0.962529924605894
ck_5647030283171ed5,0.6553596130676891
ck_efbdcd9c181e72ca,0.0007073616356564057
ck_192fdad892782daf,0.034560717037234026
ck_0bf2e13b9f2601ac,0.040486330146928456
ck_3d6046a533057795,0.002594281838077457
ck_279a1d3a3836e5cc,0.0063270473090986205
ck_c375e929becde422,0.0034488183581952696
ck_a59e90219939a1f0,0.0005132298472349875
ck_4e9fba1ec54c3ff8,0.0027576553433624673
ck_bcbd8588a13f5eef,0.0003004082847204444
ck_5f9a7ff990341bdd,0.001802185546687555
ck_e0403d507519b7d2,0.04500613343111376
ck_c9490cb61aff5112,0.024951287484819118
ck_41dd44308e6a665a,0.08197485606109363
ck_76c23726cd7ca947,0.009185062526570555
ck_9be551300209fa83,0.008055237167768552
ck_a98848eec6c9581e,0.011912570558660617
ck_61176dafb33b2d8a,0.7801004183574761
ck_92de019e05971ce3,0.00725314590949255
ck_5d644224135d7c65,0.0022700376397736545
ck_c767fc454fa215d0,0.0033701675967390786
ck_5df85a8924e11f27,0.008643562939265555
ck_da2729307af06ed5,0.060876682564742705
ck_7c6b577174af7a78,0.0046417245125653615
ck_893b8afbe11301e1,0.004307979006082348
ck_e06f6fed020ae014,0.003333351889493818
ck_386680372fb54857,0.0011716420402251059
ck_7a7f3c4fe0c9d2ca,0.0012732487410001955
ck_f908b527c4db422d,0.021095268466651326
ck_ec2eee6a133e9a6f,0.024705234670128258
ck_d98934f9fe0b02b3,0.0017682932502539402
ck_398a1ed77b0130e5,0.011484351584483868
ck_d960af7a55b892b1,0.003224356980240354
ck_4637e54a9f79e2e7,0.0008007140956386844
ck_02b9f418524f6650,0.00782065729244358
ck_d4b23804cebb045d,0.004375724648359038
ck_35b1939c48182a9a,0.03495769097870187
ck_2dcbb71e39d64305,0.013765490647555903
ck_47a884dec960ff2d,0.006230225669067448
ck_71fd8c346fde5cca,0.014299684953850322
ck_98e1992ac8e7d2de,0.08733833576921889
ck_ae7780327e210522,0.007956321315924556
ck_e6c584b4b1ad6d9d,0.0029641075795201616
ck_344b2e326a6c3dcc,0.0013698132464806398
ck_9aa899a5230b0963,0.006378520054116774
ck_e48d14d5b70ef5aa,0.007937959263655106
ck_59d380a0973b3951,0.010661496597018616
ck_11318f7c041a5ba9,0.005602275343607312
ck_7061786fe2f22f5a,0.012813938661554138
ck_e77529651c416cf7,0.003545967812172179
ck_7f79878197340435,0.0017211456754064308
ck_b0a0fb0ee9ebf106,0.005642332380365015
ck_70c7679199776a90,0.003323045230787426
ck_b9facd2210daca5c,0.44824935167311614
ck_9949f53c155b8dde,0.005216207470177613
ck_1c607e24f2c4397a,0.06891701648413273
ck_aefd1ce3ce093cbd,0.0016938185450971201
ck_5a29b7018e43280c,0.0004927460299094255
ck_69eb0b2ccfbe5f95,0.01694782125208365
ck_fe037765aa465c58,0.0035603439928470074
ck_5e512ef5362a3dd6,0.0021759480978301316
ck_544a9e80b7fdc279,0.0026705156236056077
ck_7825494e654d5695,0.007992684828889112
ck_f1f2c3c623553f0d,0.0010001873352014456
ck_52730906e5b461eb,0.9378756474617431
ck_01e0689157fe9617,0.6948264600301866
ck_9da82e567074da9d,0.030489198483196287
ck_6a17384072f904c0,0.03601923862724761
ck_8d84d771a21942a7,0.0008755042249249309
ck_39638880292782a7,0.013026927866357957
ck_7d51c86e0eec72ac,0.0036531042496739173
ck_45f4c821c70d134f,0.22299516288994656
ck_0af3c13ba56ce57c,0.0009760307722882984
ck_0789a05e061b2784,0.4752416610136531
ck_6ba091eb42ffa9fb,0.020965631463571423
ck_265accb3c5c32620,0.018759638293961663
ck_179039559ff7566c,0.00910023066327375
ck_17c0a6a92b5765cf,0.0033149985974097068
ck_59371c9140239fd7,0.006089793574755059
ck_f9c4f8b4ce2691f0,0.006407115812922609
ck_a2637e4872cf4811,0.03885485642575774
ck_1de43fd6c6c22a5f,0.039505952648650325
ck_6e4f31bd108571f0,0.0011116072151010222
ck_da06d97db0b18851,0.0011088883133852693
ck_e0346d5081e640e8,0.010456714858180886
ck_c1c7d4e62c9fcded,0.024493954782001545
ck_2595669e421299f6,0.013046071311847922
ck_3b6057d51fd4c7d6,0.0009520874188419354
ck_c5f8ab515840a0fe,0.003132113008936222
ck_435cb24538c6f77c,0.023920809260670264
ck_d84b5403da4cea7b,0.003797765114937797
ck_c2b61a98d1c8f6dd,0.8279404958751485
ck_c9dcd92b2f836b61,0.0321409289836114
ck_9eb5b3f5f672c2b1,0.0008729768893105924
ck_e4cf189a8d31649a,0.0004294764421663071
ck_6b114f2a48152b96,0.0010780090478011086
ck_3fb95862b70f505c,0.03657787455924669
ck_7f780f465c29398e,0.0023937794863145173
ck_ee387f9da79e67ea,0.014736185715234008
ck_fa3b1e85d27af2ee,0.03658882366167603
ck_e739eaaa7a1822f2,0.014731066873336543
ck_dfa0ac11fcb1dabd,0.0010595028041686949
ck_6e8751b571ea54d1,0.005666312868212275
ck_2d695f8358383092,0.007557681368729876
ck_e7dce27edb700f27,0.003232878757335333
ck_e322da8b213eab52,0.0009436846058137082
ck_d0b32e039abb8200,0.005320523333819806
ck_b354003302b272ca,0.0055854713800468185
ck_f7485cba392bc294,0.8639250440502677
ck_d6a290ff8362c7b9,0.08025018341952657
ck_c56a44fe315c0389,0.0024609846173667413
ck_f77dfe6512eae322,0.00909309730693195
ck_35fe969c58b9e70b,0.06933029899401541
ck_4c518637db2322d5,0.6314445189316047
ck_cb61902798ecc4fd,0.019690113302373587
ck_56e6cfa32156a916,0.0004323952920594711
ck_343e6ed2b9d35c01,0.006836051275035428
ck_51440f64f7250ad7,0.024308603964993562
ck_295bca29c34cfe2e,0.0363294489325531
ck_dd30558576b45e7b,0.00240587630264785
ck_3a30132a57181fe3,0.017840570712176197
ck_4a733aeb833406f4,0.008929746541460542
ck_1b0b7c3d35ab1259,0.021026004788623365
ck_962c3bbf27cd4b80,0.020161409815491648
ck_9528e1d6b1707870,0.015962625531945853
ck_b3263e7f31aab45f,0.005553250618954277
ck_e69195a3c885053d,0.0009907016140109227
ck_a907fa8795cd4baf,0.005917978386980504
ck_205c3405045bd835,0.0033259810681691595
ck_e81fc223bed3c46a,0.008626092945652931
ck_363751deae40edfb,0.02354115052511621
ck_6176baea8cbebbb6,0.0046456551670117
ck_633e6579f5c74a5c,0.9574712735337589
ck_ddc11fc481eef58d,0.004946134105093021
ck_e975002c979e12c7,0.020828115476391
ck_8e039b23acaaac00,0.07177166316760655
ck_1d6990d94a4d2ad6,0.01241927750359347
ck_e7b583acaa3171a2,0.05602243842026255
ck_c0133f60d39b2fb5,0.0073979201640460065
ck_7d6bff85e7a694bc,0.0007755116088560065
ck_d305b4d82f63f647,0.0015511551582680452
ck_22bd0fc71f95e048,0.010106025383449619
ck_9a65fcfc7916f93f,0.002601931430854007
ck_d61c837b0106085a,0.024426794736745805
ck_be86a1db08dea456,0.006375397884096213
ck_90489c405e6886d8,0.0006730162148925867
ck_0add2c321d579d75,0.00745538372293632
ck_482dea6eed92cbbc,0.004306405422536488
ck_c24b47184534cc2c,0.9845676322280135
ck_fa04ac31e596e7d6,0.004799185349781367
ck_084322dc5a3a86f0,0.0066939145142788405
ck_ccb72a33cc1877b7,0.004235768992001649
ck_afaf374009d3b248,0.006410573317508529
ck_b53084ffede19a8e,0.0007782913408293658
ck_4760216154c8cac2,0.852310243210104
ck_37ad3a65db673e70,0.004187029558299771
ck_0c2932cc0d553694,0.0013428532130285876
ck_86b853c52f20fef5,0.0020029307986316404
ck_38703b7546d35a80,0.019508773067390812
ck_218b7e6e6dbd2da0,0.0012388598576190256
ck_402db4184982fdf5,0.007483523045654659
ck_f917c82af80e4a79,0.009787423979903162
ck_3c6417a233c68c73,0.05963089072431149
ck_98068c397d70dd3a,0.005786685232852678
ck_b1cbd6679c0f8d95,0.002781244780957235
ck_9e962f9bb0e7bac2,0.005349012231783586
ck_b08247c3ad567d92,0.9509203088617209
ck_3ef7a03ebb81cfe3,0.0004159853416013411
ck_5d7ae0e3562e99bf,0.015227118265124644
ck_c91a628236baf91b,0.013280444934268498
ck_7f8e816ca51755e3,0.9759736497928377
ck_5aadd286d188f5c3,0.0035831437423197096
ck_a037aff5f8128c73,0.0025915138533062843
ck_5df6529ce8290906,0.007045918644623903
ck_5f3609511443e5a8,0.002343703681506986
ck_a6f61864fac3c8fb,0.004067064054310491
ck_2733fc6ba23ae46e,0.016839492504453702
ck_22bfb9246646eb41,0.9544798349840011
ck_bfc2a57d8fd1610c,0.7897543902300859
ck_49839e761d0e74e9,0.0018367396954909123
ck_aa4ba931dd37481d,0.0009399241329664709
ck_2f9fa0d61829f815,0.01133170206751518
ck_5b82c774df10d49b,0.0006072105335315782
ck_411219470d0a195c,0.003688483649596208
ck_d07485ba10514a2d,0.10877055648865129
ck_219bef979ee21bdf,0.0011725041359789599
ck_eb1006e7285184a6,0.04761283791283783
ck_fd242b18575e3063,0.022690490148914482
ck_95188150ff059c70,0.014731617717757155
ck_a9ca2f447b984a6a,0.010232097973474807
ck_2dd39723c4088b64,0.0021346798431485466
ck_aa2b4c662ff213b6,0.008378045979019191
ck_1867b1199c864db5,0.016315894626166193
ck_850ec97a5a0dab9a,0.029667059062429356
ck_562320295fa35875,0.0013798106863920205
ck_bab5759b07fe2bea,0.006000337575232331
ck_b9f1465d803e57b2,0.02339094088766229
ck_8f21f2690c32c691,0.047778706561316275
ck_df87d6f61a63eb21,0.0033473699476335153
ck_770475876d0e7e6a,0.003405450814557621
ck_b4c014d5c0cc9eb2,0.004760286767269926
ck_3add4d23124c9290,0.001751966900971348
ck_bce5b7fecfb6264d,0.10401137570600205
ck_604c17cb97dc89be,0.018496894458679396
ck_e52cbcd9aafd26b2,0.003310574410114557
ck_0ac9114076f5bf3d,0.004293002142036403
ck_dcc125b178b79566,0.0006559435672367601
ck_4e333c09f0c37dee,0.0043407448846808005
ck_ff7e31ff8ba731e5,0.0024054679035082254
ck_8d0532d24f1070d1,0.0008662062757490475
ck_3689fa41748a6f6b,0.04175560112784456
ck_7509eb97c1948b16,0.00928652977985046
ck_a9161cf1ca22a6bf,0.0035779285422047023
ck_bed3e3db135b782e,0.006839066356533488
ck_9040edd974ef8e3f,0.8937754184198611
ck_fac32d76ed40f683,0.00844155508890558
ck_3d7b1078e2d57c69,0.003806437701870667
ck_dae09c4e074af5dd,0.00441715737426409
ck_fd84507228467b40,0.01695258274501225
ck_e2a2ce9b8cf44c63,0.006561632719451363
ck_cbe716f351d660d4,0.0038798795662732454
ck_cba4162ef29a6d27,0.004088108363821805
ck_4f1e962ff8a29732,0.0008567846885277817
ck_39a81899dded61e4,0.004449882949464187
ck_25382331551d22a5,0.007793857302363174
ck_6d64e1c07b19856e,0.0011287838748084797
ck_165a868bdef28ad3,0.02096473988958811
ck_88774ae52e30e877,0.00576895639175692
ck_fc7a9d0643570053,0.0004618995743009992
ck_c2017120b3b88a46,0.01271250438112478
ck_d115ac6b9fd62a7e,0.0017885215425349908
ck_439cf7d51ec7de0f,0.00849810166150238
ck_2468a7e9e68a0927,0.002023597569676768
ck_7c418947124dee8f,0.025584125149041757
ck_fb0cf32c4a56f740,0.005164204911812176
ck_694eb6c43193afd4,0.007257898217318223
ck_993beb188dd4abb6,0.004602938791501616
ck_77fa39d3b733c226,0.6811288638176382
ck_49969a9abc47cb69,0.00360720657485663
ck_d3f44bbe2f7e9b2d,0.01570368066239072
ck_fcf5b8216d0c18ef,0.0007295356609737406
ck_daefe1e2d2bc362d,0.002635192187171719
ck_9c9287cb28950eb6,0.0055965820277581145
ck_c1d1a625b885a975,0.025038152350707322
ck_71b37fe47490b4ba,0.010466108903672864
ck_5d16e257c0635f7e,0.6326440791072094
ck_15918075563eb074,0.0009064481986600945
ck_9a15fdefc47e8d11,0.005495713234233539
ck_6f04d047d1dde75e,0.0005782499337044342
ck_1af2c0b3b8d202c1,0.004725856755167084
ck_174be2231c5fd2b6,0.0008441324518723837
ck_bb0713a2a1d65982,0.004303588861176465
ck_0daec63bd5b0729d,0.015814288954367168
ck_c0b5cc3e8ad2ff44,0.01175641211720109
ck_35bee1fc12664644,0.14448091595099483
ck_a1c7cf63467df4c2,0.006051922298189747
ck_ecb1e15f0b185ceb,0.028470914923550313
ck_f280d31f54a4710a,0.03158553576419154
ck_30f4b2ee8abe1342,0.013384265772968636
ck_66bed631354de5b7,0.011364381191226937
ck_c2d3ecd7278eba2c,0.004940955636382584
ck_e901dec0e09eccbb,0.0026398779524100173
ck_5d038ecb3c8748a3,0.0013560581585970281
ck_283c5bea94b21e80,0.008466384340626193
ck_7956c251b85f009e,0.7173038319182191
ck_9f5f81d771146aa1,0.0005385620392422583
ck_9323e6fc1e168eda,0.9498819580727157
ck_10495d3a635b8d69,0.02154503190092054
ck_1982d571cd36eb0c,0.0036164568521888903
ck_4f5d7985bcc2eda4,0.0017660824111428537
ck_7df526b2b4410bb4,0.015167893763334881
ck_dbb498b1a346a402,0.001685323747201965
ck_ef059997563e3330,0.002996371262152322
ck_02ec4e06709e6b82,0.0014381342937604103
ck_9782c86ba6485f88,0.000998223647492909
ck_d69de468b44143ca,0.001440329315210587
ck_6430a8792f400e0a,0.0007989566496217533
ck_8285bd3c90af94f6,0.004470410046029201
ck_985c9ca112000e9a,0.0075835173187509975
ck_e679fbf4f4f4aa07,0.002199221537185652
ck_016e8c8eaf9d511b,0.010889938400518304
ck_bc996c523944644b,0.027547812759266856
ck_5b8315726f6204e0,0.007512814874177209
ck_78181f8e998e442f,0.000737026413277287
ck_71c68dfd011dbbbe,0.873570910061636
ck_db32c95ce2b6f502,0.9630403258440507
ck_755010362a9b1bc4,0.0024495148625500156
ck_114141d85256c9ff,0.0005151851128059432
ck_9d1a5cf5a3b87e48,0.0026053909209978357
ck_ab640420858ab5c4,0.051879285760050756
ck_97a8dac48dd62488,0.07351414388854194
ck_879cc3166fe1bada,0.0005644133082020555
ck_b0ed11080076e381,0.0007502535508525036
ck_7334a9ec656263b2,0.007387081491365591
ck_6494f0ef13ce44d9,0.004829723112564478
ck_724e459b9ece38f4,0.01281620488654462
ck_7fd8b1470401695f,0.11058627855370685
ck_292f81186358b0fa,0.0017183047650372828
ck_fa7de64d37287615,0.024390622738154646
ck_d00e09e66ed6458b,0.04489961759398844
ck_b8d210e741be186e,0.0009393053319283649
ck_3db59982cbae4410,0.00731260640583108
ck_69887d0a9aaca6df,0.0016684972636047185
ck_4feb21e2fb0b3977,0.002153494978024445
ck_08c6cc1e143475e3,0.0015613798313719469
ck_fe6e168cdbb46b9a,0.058005301149644986
ck_07f1734be7fac56a,0.038838464588176205
ck_d66d59981307db93,0.006704498271189213
ck_f928dba0d587d7c1,0.0016989365192198566
ck_786448fe3004cbd0,0.0008312854558082186
ck_29ea329fa40ace62,0.008829180139589353
ck_7ea52b6f27edcb73,0.012927315342307441
ck_18bc51bbf3ef198e,0.01863519033749587
ck_44950df09ff14ded,0.0007616811712079041
ck_c1466b52c0a10b93,0.049033832982903335
ck_6cdac067cc4db5c5,0.029314131058122507
ck_53f55c6e8cf2d432,0.0007362097882517246
ck_95945f48453ca532,0.015833633190693887
ck_87cce4126e215153,0.002922662187734169
ck_1ecd5516c92caa4f,0.0008472811399743818
ck_819b482bca14c068,0.8741780110834746
ck_a61a879dd46fc9f2,0.012821198820389495
ck_af70aa32c009c3c9,0.0031377200001419608
ck_f4fe78e249092ab1,0.018466762818397327
ck_12c46bc52bf45b36,0.004356532549929967
ck_f05f5e4b40afa52f,0.03638510514125444
ck_0f8cb09d3f4fc980,0.11738025264439314
ck_80a64a7f0275a71d,0.004703101529185022
ck_683af7b1540a0b22,0.01595424086650948
ck_51fe0b613c076cbe,0.00451483017087666
ck_da1a2450219dcf19,0.006227943666536303
ck_2a7eba01ceba6c2c,0.0790923453249195
ck_4e329e29dfa743ea,0.2193001676474404
ck_0274d881d6db82c8,0.0031165620490213666
ck_0af5b7d128035b35,0.005932935124922619
ck_ae0a7be6b0a0ea68,0.003683111804570858
ck_de5bb7a4d091386d,0.09247899072250779
ck_2bb7c17168a9d17d,0.009342801512562816
ck_0ffdff7b2f5fdfe4,0.01901544400741315
ck_718a8390b3d42d7d,0.014465435939761065
ck_7c4f12d70f184533,0.0013642248399425034
ck_d3e2c26b8adff099,0.00389933276162506
ck_ac9d3d9754104cf0,0.0008805964271185663
ck_3b1766a1d51f8f0e,0.6757504159293611
ck_a9bf75bea912027b,0.01781580137734845
ck_687eab3ffe1f8cfa,0.014129269292661631
ck_25dd0b02af5b2f37,0.03702392073567208
ck_1747fcc466f0ae38,0.0004779163846217279
ck_f6e9d14dfb6f3c28,0.0340068806560216
ck_c6a7bbd0adc4d5f3,0.0105049437018328
ck_46656a23f4456d22,0.8877005148290802
ck_7519260415c2998e,0.013170638742373201
ck_754f30ea19df857c,0.03988136985325562
ck_ba88a244d5f7380f,0.011810437883644982
ck_f268416945316815,0.006260596673301174
ck_21860dd2159dff28,0.002284287438865223
ck_7a86ef4e2beaec38,0.0008424925620709519
ck_0414507baeea936a,0.01723769674757928
ck_60796eb60fc3043e,0.0015789927792518835
ck_1e0841ed17fe0562,0.005907264457827294
ck_0d641d32658d6e0f,0.0011641635216287382
ck_b36086ae6d87eec1,0.0009684509204639054
ck_962e65ab33b5c311,0.9467478956400678
ck_b046a42684468e63,0.00498863166786064
ck_ab3426435b0017d6,0.06744767345235245
ck_fcfe06e44d09a344,0.0035515509054186174
ck_0f6d916c92189516,0.004499992200927444
ck_d4c8f0d957c3965d,0.028174331750242008
ck_2ca83dbd728af019,0.0018352378571316985
ck_2857a4ce9f72fbfa,0.0008388325981056417
ck_a60e6edc48e3d0ac,0.06148520607146578
ck_0cbd3b27063d4415,0.020630514932715734
ck_612089ec90c37219,0.0046680247843660285
ck_ec4e597f17f473c6,0.0018807561825010695
ck_1c93cc58f314bf71,0.018209259756621778
ck_2b359a979520276e,0.0029022627699955006
ck_1496568ddc3b2d56,0.015093476055460419
ck_41d91dc9f5063566,0.018549140479709614
ck_4c5ff58afe3d7a67,0.0006231753565750245
ck_81709736281fa3eb,0.0005154758313416847
ck_d89abbab3d4957aa,0.0017875835692303331
ck_52453401f88935da,0.009862567211041846
ck_a477654d34783e06,0.013240799383406925
ck_72dd0dbdf808cb00,0.016841928143326766
ck_c183dff3781746cb,0.036045047211111084
ck_c8b7f241810b45e5,0.0005015374906027826
ck_f88028c3f306bc70,0.007016329150980823
ck_91d48d69e4f5d9c2,0.008585270106831034
ck_b74b9ba6d7c9aab7,0.1033457900562554
ck_03e904682dc73bba,0.002625874339752686
ck_fc6fed6ea96a004a,0.005011422169665682
ck_51efdd240e34c642,0.01802142405879487
ck_e78ab4ff52b5fd2d,0.0032434524004828057
ck_4af7b97c24d89a45,0.015704205657759603
ck_295c0072eca7f7a2,0.0025920211955589288
ck_8abd1a50a9227463,0.049022947293702906
ck_ecaa6f13304e3dc5,0.0007690873642926317
ck_de436e7b319be1fa,0.9981388514305161
ck_c802cf8f61466027,0.0006295111303998558
ck_3d83e0a3c1cfbf8b,0.0018165608129304734
ck_28d2003c2d16e4b6,0.0012132210183599039
ck_8ddaf745bbb9cd62,0.0007918524422968999
ck_493b6256091014cd,0.7669855660451803
ck_a2245822cfea997d,0.0024643496939906816
ck_f7305b3c64cf8a03,0.08694329295234376
ck_9937dad93a0ed3c1,0.00249421882646909
ck_d654449f9231ad76,0.0022156404636076038
ck_850e2b59bc535490,0.010141190819884585
ck_e55e5bdfc0242aef,0.022605760592103008
ck_d35c51e981b98c5c,0.003710043611992262
ck_27cdf9c5e6f0915b,0.003847927911373656
ck_d328db1e1052d820,0.00882334334614342
ck_0ea30eff5f361cba,0.002022889086362047
ck_9994323f97109f4b,0.9921444009401555
ck_09054e97bdf9624e,0.0010466250732281664
ck_723b4afc388113c8,0.0010774768975459507
ck_588f6e6a6a6d93e8,0.002462889126212297
ck_e1d563fab4d6116a,0.0037851892268775233
ck_53aca610e20598bc,0.004953929301768373
ck_c8131ddc7ed33448,0.0027797783115254366
ck_899f88464305824a,0.009943404976628174
ck_1c17c65804f8889e,0.0006180809097160894
ck_45a16ce12893cf9b,0.007106757564110808
ck_f9d481aa4f9b2808,0.8420726989036252
ck_1d5d74169cf892ef,0.016621008835971795
ck_aba32acb61c1aaca,0.0076073592772046015
ck_ec4dd3675a8d28cc,0.002875718121842499
ck_5dcd443fe0bbdeac,0.0014558120224172054
ck_3a47e3f54475e854,0.0006920044977750774
ck_a9aa5c344c315532,0.015122999958519578
ck_9652283c9f61fcec,0.002588763591900185
ck_752dd3d2487f78ea,0.001775623781132779
ck_a821980ac4db9943,0.1137908863005481
ck_93e0d6befb67f7a1,0.007175227993600483
ck_e7a3881c3e36bd51,0.5674596384715535
ck_12631b78f8a03df2,0.000351084001908755
ck_57b8226610b48854,0.008966875682659012
ck_352657008983fd4b,0.00505163974127824
ck_0841a5c24fd3dd28,0.00911384232746117
ck_db9b9d5d30f74070,0.09478815360762737
ck_a9dded7f6294e44f,0.009697156011838334
ck_91a16336ce3217dc,0.015466082884455438
ck_371bd9388b287677,0.0009715021706924979
ck_f285e5e1912a7c62,0.00208656954401488
ck_368b65fca69fc415,0.055877194557198445
ck_d27a73596b6500c2,0.004154551079307377
ck_2d963f9b2c4d11e1,0.01178435522958339
ck_7c500e219af39486,0.0018912669663985369
ck_7d025dea5951cba7,0.0024353819834263893
ck_32f632706608859e,0.002888275013592543
ck_53816231f3ffb48d,0.003546524650711997
ck_9dbe184e81c1ca8d,0.07780740724342682
ck_d74123617f22a21e,0.00511119161124691
ck_275386782b1606f8,0.0015394438266464008
ck_0b0e79d33e50cba5,0.0018581843147182251
ck_ba93cb604f792915,0.008895106679440457
ck_a86cd653472eccbc,0.004367655738060756
ck_87771861e0447210,0.050007591797720574
ck_212380e0371d8a6d,0.020011407264441616
ck_ef0d702d7b0ed745,0.0015727012448656817
ck_2b8f33e22f939372,0.8896558150962667
ck_480347ad92037105,0.003152609684833646
ck_20124c3a16c53ce4,0.03782265535350814
ck_c9e1e3229baae708,0.004761992222351186
ck_b1befe967f7a5ebf,0.014920084141560336
ck_4672167d7c989bbf,0.010977359776162179
ck_f0c44ee5e3a42e3d,0.0019480810326114963
ck_c416357d20238a4e,0.008547767676104044
ck_d0f470f8078c91df,0.004830697400999017
ck_3a70b4ee59084715,0.003774754562603513
ck_179ed66cdfc1ce27,0.0010037047403908498
ck_387e5a7f163c7837,0.008882922162960227
ck_08fb463e69f647c8,0.9905003140509467
ck_732f725747393ec8,0.0054615737245873736
ck_7cc5e0fa3ca5a713,0.004340352806857256
ck_ad4a4daa826ac68b,0.29273353096753774
ck_472e0be7a3b533bb,0.013582037678929241
ck_7190177963eafdd9,0.0037130080121313734
ck_647ac26c5900f082,0.002497693670198147
ck_272ae2179bbd8e58,0.0030158053483210047
ck_09b0d8af304646bd,0.0002939548613732419
ck_ca0cc8ea9f344408,0.004340929841862384
ck_332ad134fb909869,0.008653992151898153
ck_fca2798914627dc8,0.026192006419306215
ck_4450b55f462ae134,0.001739971086043679
ck_d67d9dfb60b286b9,0.0012632087333204773
ck_a9d2bb4f2bde7052,0.0010416930153787955
ck_929bcae878a3ecb3,0.8382139046914814
ck_59a9e000fa275e1f,0.007620053683513293
ck_57f17254e2688637,0.007037580649781348
ck_0508908697f60ce3,0.1260970651069825
ck_946afc2943298d26,0.0035763114597976045
ck_7176d12b18f2cc0e,0.005658425548218231
ck_5c47b49c26cce286,0.020211502712009964
ck_b6a2bdb2d335e1d0,0.998372027409667
ck_1d58f6caaa4d012c,0.004503739510513515
ck_71c917295020ccc7,0.0025605393700015794
ck_bc89644ae3688995,0.00212105764921101
ck_e7c212f16d6df272,0.003780936687177495
ck_c6d2e11a368184e6,0.0017188750970809062
ck_eed7f1f7548df15b,0.006322897578814298
ck_75b69034000ca7bb,0.009371307229797905
ck_38da3bf629458682,0.005650167299370222
ck_90114c891239d821,0.0009942147464049814
ck_8ee08f6777cc155b,0.010119086864315351
ck_bd86132499defcd0,0.002760205854584432
ck_b95fbf2b5640aa82,0.004980443342786164
ck_c530235393360e3b,0.0033769888593105177
ck_be52a7ec43241ba4,0.02054789977946274
ck_d96eb3cc55f2772f,0.005255418032843648
ck_dd34f0a844fb115d,0.05445796360969648
ck_17cc7b411f448e66,0.007925718154431284
ck_856ea65fa27d06dd,0.007829102261285659
ck_056d5f0301c30902,0.02164049517072698
ck_e662b14b2bab23a2,0.15501172636504373
ck_209f574c8d92274e,0.001556966787086468
ck_62720b81617896cc,0.0035571070342103554
ck_041614694b77e599,0.0018623912176147246
ck_461e3f7b97db8d16,0.006829528605429758
ck_1b74b798eebeabdc,0.005877840849063882
ck_0ed2739384f1d644,0.004479076663690556
ck_5a4d19f1b83feeb8,0.0010534232759321655
ck_463937167965a1f8,0.006731769296586407
ck_9d7151dbdf100e0e,0.007972893973510326
ck_20a7d1ce6cc27312,0.0020000709065018693
ck_6031211ff118cf0f,0.0005440469706942755
ck_a6fc92aa91e99b77,0.9147672054439958
ck_0aaaa9d2f75a0518,0.007356932523872561
ck_ec26e327cc1848b2,0.00428660401042641
ck_0e6bebf8ae9b9b03,0.003602947627350658
ck_e107537a4cb738f4,0.0007445563883275313
ck_e8ea56e122a5a487,0.012408072428436515
ck_98149ed45d38c4d3,0.00985448786108611
ck_0e719b3a6906b8f1,0.0004849156518681241
ck_0c6e7bd357e4a348,0.0008163518350343762
ck_d3b2b250da61db19,0.9810274377990272
ck_8bb6b0a292754576,0.10866635609891657
ck_87d70f5fe48a6128,0.010670753333007332
ck_ea9edf9c107d429f,0.012493780787530422
ck_059806c52cebe4f1,0.10372856057570337
ck_a72d6df666e1c21c,0.0026374414262146165
ck_1d2b80ab6c4944b9,0.0020838020631723606
ck_60557f077abc42ca,0.09578646773437549
ck_e5f5cb7dd6ce4a37,0.0072167716391711295
ck_4c4a939154446053,0.0025870602762055016
ck_50ede3eb561a202c,0.006207779639745332
ck_6d03a542922b2ae8,0.003884735195515828
ck_d6fe761ed0db3270,0.007266603068941151
ck_7f0cd6ea3096f985,0.0007993437819462317
ck_23edb6d938a3b87b,0.0018481281131190485
ck_799aaf9f2b9ef621,0.004187850094937762
ck_f8f6a03613b6dda8,0.010105215061767297
ck_7cffb189f4f514ec,0.9952166248897648
ck_c081e1967dcd811f,0.009653579593214988
ck_583d6ca78c97d91e,0.14276253842353764
ck_9332bbc7125219a7,0.001184894567184399
ck_956b5af6d7d86c65,0.9764662678058265
ck_2d634e3f24681c0f,0.012890784361226324
ck_7b35d218ed0c5a60,0.0014506254335265585
ck_ca5b1057f8248f73,0.007085109872845018
ck_ec5ea81cf813597c,0.025690832187150285
ck_eaebaf4d28400fb8,0.008239714680480632
ck_ae2ab6be219219aa,0.00470760763629172
ck_d99a8b4c820eb46b,0.014071527937205081
ck_bcfb7ffb7cd428bd,0.005179434775085073
ck_3dd542c2d31be2c0,0.003363965898806776
ck_c7dd84401e29a7fc,0.0014426831929907256
ck_c4bcc7cefd40f8e2,0.0009780241391965606
ck_c251898b5d51e3b0,0.007134650234735022
ck_36d37be780c1291c,0.0018920081805749729
ck_99b4f266b61ae7ee,0.020705061393484596
ck_c37f03995f0f0169,0.000577728529262513
ck_65a23ac8e44eb901,0.0029312847968097295
ck_644b1c1149eea9e0,0.003530593887832836
ck_9cf44eb0237c2429,0.002710040934588782
ck_20541686a94fb71c,0.006173341351773684
ck_c18245be844680f3,0.0075344268865893006
ck_56de216eda6b7fa6,0.0006263080671224633
ck_406c4442dee45cd1,0.00039050946954522164
ck_df1585c7d72a96e0,0.0007981707160169659
ck_b8e8dba20676d87b,0.016009022883565087
ck_0ee6965e68efc177,0.014922322781170335
ck_c2a5c54ad8d0d297,0.004891996822703269
ck_bf6fb7e6470e95cb,0.0004437811490989683
ck_27fa694569140345,0.0004717575873526393
ck_e04166b0ce66393a,0.0008121976277708501
ck_8742114f4f0cb22c,0.01772234180245562
ck_6eceeafd56b42576,0.029979675790737244
ck_34f9951b0eca1965,0.008288647372354976
ck_384ccecd342a24ad,0.000563897261133238
ck_49c98bebd1338879,0.0005191651427765687
ck_6c26c12071c91ff6,0.001474055462517813
ck_01e5986ebb9a78f1,0.00941262186298681
ck_121db7ba3be29ee8,0.010813157350978335
ck_039e6d5a330cea1a,0.012719842794032581
ck_ae8c9163cf957d7e,0.026217084118158887
ck_3f5e8f3f1df0c8c7,0.022392817034660117
ck_b1c51fdafcd80122,0.008429848477806999
ck_12e2b5ebfe8986b2,0.003483951699065708
ck_d55eb81a4d543c59,0.003194690028333928
ck_f85155ca5c312c7b,0.06542723968220539
ck_133d8a1ac7c0e301,0.9955718314805733
ck_04212a9bb9b28696,0.9986224120317333
ck_4cc11c7d3ca61f73,0.0006567684269022583
ck_2df4854186ec515b,0.015960211578319106
ck_aa9b28e7fc43af79,0.6560433015877754
ck_47cad6c3def4c9e4,0.0011420387227294717
ck_fbff7b5da8111567,0.005528966858006448
ck_bd25ea782e375b22,0.013250743210804179
ck_7989376f8cf64a9d,0.003347527912427187
ck_675c0ca1ebb1051c,0.0009823044458403768
ck_1436f6e11d4008f9,0.0064772884232973255
ck_812cb3a4482cc618,0.002058664699524997
ck_6e606f73a1094afd,0.01590023991822588
ck_1b708e2a4a0584dd,0.004005070181757411
ck_a60d6b324bae0330,0.015366335334697084
ck_706a4f673a9fda3b,0.3396733769127343
ck_a75ece9a9044eed0,0.000653441733682351
ck_9aa45c4e03c8c57a,0.010061569894286427
ck_9fe9bdce982b312c,0.018630341425135463
ck_c6fbdc5ba68a8466,0.00882747847944735
ck_ed0cc1b1c28f9511,0.023724392656619495
ck_a4e2607b4c8021e8,0.00047066212954182204
ck_e02f93f51cc8caf3,0.0032694508869443805
ck_7084ed3cf20781b7,0.015783468325850265
ck_cd4c63155570d6ea,0.0023730645008250826
ck_d1b9e5d32d2d789f,0.00143694895925816
ck_68f56f6560a7a933,0.005891934593472076
ck_8bedacc6233c6269,0.0037020391863670185
ck_ab7cb50407d6b13e,0.032169951383089465
ck_f17ed7e0fd687742,0.01519334610280453
ck_b0fe4b92fc70f72c,0.0018256163883459161
ck_84d62b8196da2452,0.010396230709340381
ck_9e298cae167f4693,0.0012236346473071058
ck_405b20ef9ad0ba5f,0.05300632392466269
ck_813e02e1ababd177,0.0028120583155740305
ck_f234ab47061ba7c0,0.0007229837242918632
ck_22b587c18363899a,0.0032166380630277653
ck_4e862c2f48c38aeb,0.00459119692254795
ck_b89cb90a420c9075,0.003817471177447458
ck_be2251640f27a3c9,0.11746465113730947
ck_46bec0bff167ed3f,0.018952115400414728
ck_c0032232c2868328,0.0027146305997742207
ck_030cf09525dba4ba,0.001169574358201895
ck_6ecf56236789fc09,0.9757453779398683
ck_38d4ed52cbe6d123,0.014260401442849239
ck_2d923d957ffd4d53,0.004189291917553271
ck_3af1eb88728ed8c7,0.006355773250543156
ck_2f8120ca80a1592c,0.012810816258598073
ck_6cabb1a133f0b151,0.010267935316949896
ck_bb6cf7e7b707731d,0.8915636183983155
ck_c8307fecafa90140,0.004040227130045062
ck_75f968be67f46d24,0.00629137788207425
ck_df6fe4ec5a233213,0.0014275102782537207
ck_b53e88c0e927d896,0.0002587899097688276
ck_f0093064aa28f4d0,0.005236195944880412
ck_ec9976cabc63ff92,0.0029095278885343787
ck_30dac0a58c5590cb,0.030247434122693158
ck_348a525791ae6475,0.027299621704830676
ck_b898d912d1181ef9,0.03129507777462667
ck_f5b1200dc6f95760,0.012672724401820374
ck_54978a073e7a0b1a,0.0036248899251551
ck_55933936536a4071,0.0015299781009790972
ck_d6ba7ffd2ae08863,0.003522393050280688
ck_404e2217fd87fdd2,0.0035837605906561786
ck_dfaafdaefa5716b6,0.026451811007703305
ck_556c62e92d4e7e5b,0.03127961012736953
ck_7ce44f4e06d58111,0.04729055656135536
ck_465cb8ce232c7670,0.0022731574526929613
ck_237508ca4fb37268,0.04869418201750756
ck_ba4a6b9aa63964ef,0.004588771463668536
ck_4802a0a7a1882c88,0.6935401185355528
ck_9478dfe4114c30f6,0.002170240175337707
ck_5138f6c575dec64c,0.002764175589134823
ck_aebb42afe430e2e9,0.001118425502587245
ck_004efa95555437e9,0.0019724314035600567
ck_11af112667c98394,0.005080165816926391
ck_44e9a18a8645c9d3,0.0038892734441100234
ck_2605fd571219e28d,0.00040371409785464464
ck_dfc933493561d84f,0.0017319957513493261
ck_67674348e68d1f25,0.013855716842338824
ck_dd97429277a2fa00,0.010847763609663899
ck_d3eab7a06eb48348,0.008194057514449272
ck_0b9fcff9667ec05a,0.0025994890557901524
ck_fc4bfd6e739bddea,0.0009187393102203894
ck_43292f70a03ddf2b,0.0041187241031394
ck_5ff6108056a3fef5,0.002843248026604643
ck_767e0be086b5f601,0.006104345731794032
ck_b8465b1a5666155b,0.022218867792685865
ck_ab2e3fc56f5b3aae,0.04334957418184328
ck_1833c81d693c1e07,0.83600517113729
ck_0308e0602b856445,0.0012548785963516157
ck_ccbdfe744acff8bb,0.008543444346521111
ck_b294aa27a0b586d7,0.0018793702245115307
ck_a3747201f377626d,0.9393772027627477
ck_edde1d7d1db24725,0.009331423137704728
ck_ae3b47d6e1063704,0.005558931710774065
ck_3aabf5e0f4defb41,0.058158043773606165
ck_f034adb57391f3d7,0.017743710086127226
ck_533672fb40531607,0.04662970944150597
ck_2a244f1ae08ef83c,0.006634987104928746
ck_a35d81bcc54ece2f,0.21349016656280168
ck_78a61215675b38f0,0.0027622377956185665
ck_e013d88ea7939616,0.002641927255429235
ck_e5018f9418e0102e,0.013465173327126123
ck_d4e024fcda401a31,0.0024065783778344455
ck_f736cffbdb82db34,0.0005523048979388732
ck_1507f5aa50cdf3a0,0.007313492728999825
ck_18270fee7c8fcee8,0.000991953713403419
ck_95ffa1a805a1c9d1,0.004449792342953541
ck_11132d245b94d045,0.001956342129449281
ck_7b93a622e40d8b14,0.014874163190374514
ck_3854c08d17704347,0.013166953509681834
ck_7717fcb100dc4b5f,0.007417849533233631
ck_ba54e0a1c328119b,0.9407763020261852
ck_a7afdac4ecbf2de4,0.7321320206350996
ck_ecfb771ed2352085,0.005231913455043556
ck_68be4fefc85a6b64,0.1056365013267582
ck_dac7c50bd6d0148f,0.000896727376859508
ck_87cf36a03bd63c24,0.9701735501226283
ck_8adb40b168b59d7c,0.023487821916612348
ck_8d2f62930777416b,0.014587946782601238
ck_9958b58da9e3c21c,0.017617588709550214
ck_9440335375701f44,0.0054122880637562315
ck_e2f88e202b6f700a,0.00449868995756599
ck_4c7c50684827a2cf,0.002613330283860499
ck_8a6ea4a79b1c7a8e,0.0031117085944467673
ck_186dbff4b24a3bbf,0.13203954936229628
ck_220fda3c11c59b6c,0.04079410434350196
ck_3acccc69f8b1fd14,0.00805025199087875
ck_9de191bf79afd676,0.004744152901597499
ck_6de6b1663f9457f4,0.0007388937096250736
ck_062754f8b79b86e5,0.0010904867087671078
ck_aa153a89a52f7eb5,0.010740426432659416
ck_34a6bd3be642f15c,0.014528824867348298
ck_9371c700d9830326,0.005247869199548981
ck_a99e0c258ad7576b,0.002881589357074274
ck_0a7ba51d626e932a,0.005697263982641256
ck_852c50bbba1ead13,0.05962898032251953
ck_43dc13b6b6d31297,0.037172040911980765
ck_7d81b59d615a6649,0.012823935713562796
ck_39a3f1da060e88bf,0.004235307990993788
ck_6fb2d142c09ed3ed,0.14740642618955463
ck_6e5752b87324b58c,0.0029638370890359847
ck_9441d48a12e8a4bf,0.28684856956692556
ck_09e9c51eb538b255,0.005277155339960295
ck_8d0cd981ed3a183a,0.00413981833311455
ck_57c07c45269ca8c0,0.000728545520152286
ck_ccfc9ab888ba933d,0.004527432070892083
ck_9658a6ef471053f0,0.004257144042664933
ck_dac3852758f4ea89,0.0015517802336492143
ck_b1ed2278f5f14d82,0.007017614323460515
ck_333544d173524f70,0.020152292938651915
ck_fd4582e3853ef23f,0.0049250763712902785
ck_614d936cef98db04,0.0010648469255172257
ck_6bc351a3d57aac54,0.004750823966970139
ck_af5842fa7202ff25,0.013396233035926108
ck_81307759252571be,0.001542030522635897
ck_b4d2f02d2cd45720,0.9443629324113775
ck_1bd753a4681946c8,0.9686974285620098
ck_46d8c029d46867b2,0.003427255918535892
ck_b7da6640fa2f49cf,0.9464727994880912
ck_9ea3d5a5a91fef9f,0.18712791071510787
ck_7b922518f667f76a,0.0005332654651525145
ck_2a5b31594206eb30,0.511693244173616
ck_d9506476ad3f9e08,0.00862780314772693
ck_c8791f7ebd4d93c7,0.008991256809067295
ck_b5a3e20fd210017d,0.0029794335001333038
ck_8e54386f4fe22cad,0.008351365309917274
ck_75296704f5806f56,0.02869222278860903
ck_0fbbc7a6af300368,0.0010826834378070125
ck_d19bf4dc0627113d,0.002054164584367693
ck_7951bd4eb99a0175,0.0008065661135873935
ck_059e4fac6b7f704e,0.004696590597995461
ck_2ce8931af02a2ce3,0.002086551267062373
ck_9e665618a4860306,0.0010859904841490557
ck_6fce5a893613fd2c,0.0007937183233763052
ck_9e3fbd04e3532f32,0.2674658858936827
ck_55f2ef0de3420e3e,0.012577157303848577
ck_8d87658a6f5d204c,0.2366151141297917
ck_6d6ac1f5dd882aa5,0.0015847051494403473
ck_55d0c7012d7ef236,0.008521385505505812
ck_7738eb085e5753d6,0.0022404184948483347
ck_0e6e05c3cc8c8242,0.0037519935336379736
ck_8d27ff8383d48132,0.0013862437922100828
ck_9afc3bb849f3a64d,0.0035393321037445157
ck_27eb86a9898cdfe3,0.004943589156408112
ck_1d40e4fc541abe93,0.05143748247582222
ck_4fd9dc00e1913587,0.9977370410133344
ck_b26cdb2b7b165d2e,0.01248065795440562
ck_a79a27767a02e31f,0.007906728294048865
ck_f0c18cb9f951a71e,0.005994088840970056
ck_50460e0189de6274,0.9795954646143599
ck_5e5280539257c986,0.0032211932640901267
ck_eeb854318b3a6f0a,0.0017931029387406627
ck_943f66f28dd24750,0.00024843584103477874
ck_984dd7452aee372d,0.09113451300587151
ck_ecaa6de0aca5e9a0,0.01129649828369981
ck_8f1cbc432e2774f8,0.01966254699470942
ck_d91d9f8445b9769a,0.979649690060827
ck_73c18e03e3c7612e,0.0010463395339523297
ck_aded05ada490da20,0.0019220338515133918
ck_f744e208183971f8,0.004468116949055883
ck_02d4cef6358ad3b7,0.0012458522164508084
ck_08ff5bd467226a5f,0.0003856700051587988
ck_f824b326d5089885,0.036440419798826965
ck_3420f2fd520890f3,0.010822873548903694
ck_1838cf8d00f5b1e1,0.004262317950840637
ck_a85182ad90b6f1e1,0.0004012146469611876
ck_fecb39c82c43e76d,0.0011903822769200843
ck_162513e73782929f,0.0116494265837017
ck_2c27b77c59d8f23b,0.10305088206819714
ck_4221e07b17388fd3,0.017367484011347196
ck_adfb8472d5c3d669,0.004921020222519142
ck_0742fe64055d686f,0.0010307385996413984
ck_5060aefcc8b6f958,0.003221030984569051
ck_643f549b4ac78a26,0.12239861821591226
ck_dba767885bd6ad69,0.0025446596516873594
ck_0dda35c0c64c7073,0.9963906415817516
ck_38ea56d43afa5660,0.010121152420262656
ck_d813e15ac91f487c,0.052351345608185926
ck_4c840e5585a7b167,0.0618995698690346
ck_cb8551453a7bb929,0.003774394660029748
ck_05a00b1dd5a03359,0.0012892933426332219
ck_837cc7fd48453a01,0.008798765389615264
ck_49dd816b31fba6b6,0.07911004772669987
ck_86a61d9a39768e87,0.00734773373169497
ck_cd0e76f0e7bb38cc,0.00400844463299427
ck_dbe58392635133ca,0.02191777647380691
ck_3caec7dd6f8d02c9,0.013872117742462425
ck_bfd9bfc5b6ab4a54,0.007320531318068636
ck_2103399bdb2898a6,0.0025577280826721833
ck_329f7de7279e74c5,0.002333440601347315
ck_9bf0d28119fc42c8,0.005633322451372255
ck_f781539b1042dc83,0.001692949722714787
ck_9986c7d781ac6b4e,0.003389393560630039
ck_a627734880aca848,0.0028709108879226217
ck_2106e509d77fdb4a,0.8500137551545266
ck_420d1a9c604293ce,0.004545200309578775
ck_fce0610c527e2b56,0.03709838258085532
ck_073da541ec3f9d3d,0.00370487706775387
ck_aa5f3ab48c17fed8,0.14666479835272045
ck_0fc1086e1c9e04b6,0.002577141179488906
ck_5c33bb46c1a5945b,0.024031297377089988
ck_500948a8d4bd8e13,0.008469561565086513
ck_19becd44f2c3d2b5,0.005712392285922802
ck_7d0fe77dd5ddb656,0.018175729565718834
ck_f158d9e5f101bb35,0.0031922132146979024
ck_cdd7c77823c2257f,0.018518887223977966
ck_6c7b41374f9b2e55,0.0028999461346517555
ck_417090dbffb1a63c,0.005446870483316888
ck_dd0e17605f970319,0.0026817819379147947
ck_3646515079e6be55,0.004874100016093528
ck_89c8b06aa8c84b2d,0.012594256245817033
ck_e4d6dedd97233c07,0.010100765783049227
ck_bc82fb1895fddde5,0.0027718273206911374
ck_88a8b1d442ca3686,0.009386810402565423
ck_5791f8f76a629a4f,0.05460920882050254
ck_9cf5e88e97c8c7ea,0.011307530809433006
ck_58fd684aa5a6f289,0.00036733178717991027
ck_9800c21dfbd8e811,0.00203273758809416
ck_8ae64df60ab6ccda,0.005709208553781432
ck_e535fb0f0c00418d,0.01737135084240231
ck_48011996d54855ac,0.3976317383700862
ck_ac79c72a8fe3fdef,0.007848735447195086
ck_b8cc2df5192bc49b,0.009819785917652174
ck_e96a5e1f08f8a867,0.001126451497292766
ck_84df6770549e43fa,0.0015454781457054157
ck_e5f7b99ba6ec5767,0.004683975697276739
ck_8347455ab53ff620,0.0033006385922114976
ck_a84f2cdf695a71d6,0.003962879393383568
ck_90456160115f9ef4,0.0009888834277601607
ck_ebd178b3f3a9c50c,0.007602806075426282
ck_e1140be6157bacbe,0.0014190290033855774
ck_744ffc11d32b96bc,0.006554339696728731
ck_e12a9f7d027e3387,0.0009207024736385166
ck_cbe525da0b69f18a,0.005962293678259464
ck_aa59702537557ff1,0.018761471769407612
ck_0348cc6908f7f3af,0.0005748343186239424
ck_120e995d50956bee,0.16479623416296482
ck_9fcde1ff46cbbea5,0.0002671076901483071
ck_54b0b070689c50d6,0.0005947740085686143
ck_966a167758fddfd4,0.020444050862244583
ck_d5194f2e92fd6427,0.018623740979702014
ck_2ee84f3fa27f2cb8,0.001441556945228724
ck_57d0a7eb7eae2eaf,0.005735258007992159
ck_6a2c4edd82e10969,0.0019949257269691436
ck_96e4d38ef670eaff,0.005917506429681355
ck_52cc2fd5095b169d,0.002827221942707655
ck_4b088920f3a844c1,0.013262261263588565
ck_8f3ccbd20d59f1f4,0.0015891200201879818
ck_e5e5dc431bed6f9d,0.010124345686727824
ck_e8b5bfa6838e28d1,0.019686128592980762
ck_4bfeb78b47b7c6a1,0.029522560460293973
ck_a705c61bd679496f,0.006110607438567332
ck_731869a0c39cb2fe,0.006812483070345633
ck_259eb102342057ea,0.00680466331429693
ck_47a6005fabc33551,0.0012120428881540687
ck_682262b455a9edd4,0.0005892381291228703
ck_e839d104854945f0,0.0016421225751767536
ck_761989aa4c47d746,0.036078714058474834
ck_44211dc210139ed3,0.004154587665937711
ck_9915ceedf63a5289,0.03253303453245518
ck_da59ab47cb6284ad,0.0006441377326409412
ck_e5cdbfcca2456652,0.0015451098715004979
ck_13f2560c6a1ec62f,0.007689421665883284
ck_a0543e9b3abe1001,0.008002913852668632
ck_11c7a58e09e6547b,0.011143566169128108
ck_69587a134d43a4ad,0.0660968177320728
ck_28dc0de0ae291f37,0.013957395793301956
ck_298922703c5bbe05,0.022520530188309386
ck_fa5ba9ed9ed6a343,0.019336793879984333
ck_c08e64d424e56c05,0.008709218820895077
ck_598e036a28262aeb,0.018461112520754375
ck_3f7c870510083a51,0.014475624866856348
ck_364f8203a3e98d36,0.7483569595745722
ck_7333cedb61506ead,0.003676295906269143
ck_1d96d7fd65f208b2,0.0438325058626655
ck_63133a79f23e2627,0.006716036201071805
ck_901d820e0b72abae,0.0026206379168012767
ck_5dd80b3c01457bd8,0.005620254860072718
ck_c0b8067c144ed6c1,0.007556998741830955
ck_cebb8aa8c8f62c60,0.0026240188973901523
ck_79749eca42ff1f5f,0.0037791482244052006
ck_2cc1d9b587f6da31,0.04094575624785479
ck_ccc7916b56d42195,0.0024640036758631456
ck_e43e53cc7b8b8e41,0.008508592229352671
ck_4ab74a6e7450416c,0.0014228861270695245
ck_6e44024e9de301c6,0.0007140842657917758
ck_dd78cb6ae2866cc6,0.003347237248929113
ck_c363d3b050baf3b8,0.012809351882731967
ck_2d46291975f0dd08,0.0009394516230417521
ck_76ebeb5aee42f041,0.01304627335261667
ck_8395f004cf4d4c08,0.0017321634045960447
ck_de7259c3741db179,0.004433914650280314
ck_3938e92585df2b34,0.0047013552589845456
ck_af69bfcf4f07d932,0.017536515133466428
ck_1723900ab9afe374,0.02763345836270779
ck_3d58628d1c853c8a,0.003268002805543001
ck_12a074db100481cf,0.062322888955988254
ck_8716cbf892c50e29,0.003936897097475683
ck_fbf7351958ad9615,0.004025706019621739
ck_a50370907e6b397c,0.015963897265805143
ck_937402a60df0821c,0.0004983907306882928
ck_8ce9c5807acbef48,0.004985845979459888
ck_acf7d65eaaa4c31c,0.0008616026581517195
ck_ec3eb6dd0967cac5,0.01781172641019065
ck_fc832b0c90c9bdb9,0.9635342996846527
ck_8129e81cde280131,0.002614109575915349
ck_52c0ef68aa2fb8cf,0.004266326519086381
ck_06f042e9b1b662fd,0.01710316933131122
ck_0bf35dcf7b38f650,0.0016267327456930812
ck_615763afc2e17a7f,0.0009947695244770791
ck_e72db9d4b2fc9997,0.9868995178247746
ck_13757bf0eeb353e2,0.002393768275819127
ck_abaf371ec8249c4a,0.036966423981992874
ck_9b7167da0920c37b,0.07144278443658361
ck_2e824b0b27494a17,0.05284713421642821
ck_9a0b605e9c3220c4,0.005309130923529987
ck_a5276af466b681de,0.0010648667200746742
ck_9e0383e1fb6e214d,0.23683919769369394
ck_6a27c44b691dbfac,0.0017255653517947499
ck_af39767cf583905b,0.006949973862364827
ck_243b1b9fdd3f9a74,0.0003855720375531578
ck_c0422e638a9c6046,0.013814974016340287
ck_e0f3ea3373dfc4aa,0.017202986705352783
ck_d56ee1654378ffc7,0.0032180624926090463
ck_20cd2f5666719baa,0.0006729985835526994
ck_4dfa1c1e9b69fcc8,0.02674405069934112
ck_5d22e9ca1d15180b,0.7455015057281413
ck_f4a7ac178fd55f0e,0.0016174872898822028
ck_fd5609bd23a1eaf8,0.002439928968044492
ck_49c3bf13dc9471ce,0.026670318466480287
ck_724085c3452d4693,0.09559598658365484
ck_e5d1462846154a75,0.018305402019808577
ck_c69ef0f3e7d6acf9,0.022932147745669797
ck_a2d0417791d4132d,0.0039601653891132675
ck_00a07fc2a9183c3a,0.0007247303714853341
ck_781b8288e54ba8f8,0.0510153412813841
ck_d74a62ab3804a81b,0.002125103020255586
ck_abcbde211b6267f8,0.035736643918134164
ck_16dbafc035574654,0.0008666879195895232
ck_018f780215ecaf38,0.004607131156314375
ck_0b259620eac51618,0.0010551702119572228
ck_4f875342394c110f,0.018335327279801805
ck_399e45e5fe9beaee,0.0055290573238908555
ck_36224a2d394ebfe4,0.03873664378146492
ck_c189b551bd111332,0.0007422203739652323
ck_125c5a720ecb177a,0.014774143939420475
ck_76d010aa02eb477a,0.0002585025452600829
ck_1071d14c46c92379,0.9398112377364287
ck_61d244b2cde483af,0.005951117254858019
ck_2ff1860da2004c84,0.0009013661493258975
ck_c5b583490198672d,0.002412777777387907
ck_1294f7af22fade11,0.07434293115394344
ck_e3a22799716df39d,0.002811695321344814
ck_c77e22834ef97005,0.7097942990699347
ck_73d3689728270a2b,0.0013863619667601897
ck_295565fbf77ef885,0.0013366499659635258
ck_80c0a7f54ff4895d,0.0016339089763928187
ck_f1ef5cf7f10b16c8,0.004615839254225016
ck_a958b2461ffc21a2,0.0368995893763259
ck_0e7899a57cd617d6,0.0007744328738060858
ck_9d4fed252718f58a,0.004920981947997139
ck_83c2c34add971d76,0.0006859330923660136
ck_9ccc030ba2de9fb2,0.017790246006604837
ck_cd691e3466fb3742,0.005150741386237655
ck_49df70f908dfd069,0.03881234578350812
ck_362ce13eec1e33a0,0.0029144271025329776
ck_2452a30397dfc54c,0.0025119939355631397
ck_a443d49c2b4863b0,0.0030264855094793855
ck_c8b2e2cb349dd0ff,0.0024203152113582453
ck_354909fecf5da8cf,0.00929534551350652
ck_841f598bbd54c83f,0.021218329284781644
ck_cd6fbd4e8724f994,0.016940401617499948
ck_e0b3158111370118,0.027398575934079385
ck_4c2f2eb657c2c60e,0.0007725937809888698
ck_ef346071f0b7654b,0.0018086552886739686
ck_f3bc10e3decefce4,0.0016102444294649855
ck_189b6fbe9b9192e7,0.00841983473781441
ck_5245cbc5ff4d4fa6,0.006363633323345268
ck_cb42e3be6fe87f60,0.0032134977606098417
ck_966d4d713cbc7792,0.0010197978492547256
ck_1c8c969667cbaab2,0.9234687266803158
ck_d35e3aa9ef5d405e,0.03896530554489225
ck_a1c39df50a5873b3,0.009268590379059007
ck_a152165caf295b51,0.004682897511475891
ck_891eaedae139828e,0.006061101781099995
ck_1a46b56f4734d52e,0.017685062148592386
ck_5e36042cfad96c99,0.94201960735077
ck_02a8582c2603e675,0.004607301389704636
ck_6def9d0429e4ed4b,0.004492128864930134
ck_e137400825a1e3e6,0.0013427454592693517
ck_d91ab840848a54fc,0.00024964240609385413
ck_becb6e1c608e0078,0.00175733116287365
ck_6fd8c86ac719d7eb,0.03182671999421777
ck_3ed4d13f12fd9d0e,0.018375722639424476
ck_007337aa99a4891e,0.0002994118553675036
ck_60c3d8306527a08d,0.001418152914438984
ck_95458880a54df0b1,0.11433479596078146
ck_b48cd8593533fc1d,0.8498210402208921
ck_021c6a4a7e3f1f0e,0.0012719737165170415
ck_764d40f865e710af,0.0017484755777315997
ck_4b84357ae8ec7777,0.0033038543462141625
ck_3397c7856b4669a5,0.001677659109598934
ck_920bb003b42e6310,0.0018617733157086137
ck_8f59f11b512d5b7c,0.010238477483326864
ck_a3acf4b986afa98b,0.5896813127129871
ck_e89d25ed7bdeeaea,0.0022783330266634826
ck_70e6bca473bf6902,0.00171877016712317
ck_186161ce152836f5,0.0009325147982257746
ck_9191579254663f5d,0.0021609684191079884
ck_1e6628879e9d653c,0.0058825221938286565
ck_b498fa91a0776ff6,0.02924480082444988
ck_cfc2384f22954830,0.010421783947934426
ck_17673a1c2867888a,0.0007925181063563961
ck_523dce06515b072d,0.008697532201881745
ck_c20638a325ead2e4,0.0035507885989517424
ck_d3877e1f907cc148,0.007202785450531568
ck_e9a2495dea8675e2,0.012507665510604254
ck_7e561caa5fa1f3f1,0.0031831071581900176
ck_455672e652fe1abc,0.926142685387072
ck_7f8f864fcc90ca82,0.01817030523127734
ck_1ad36046aaeb816c,0.003737731278067179
ck_de056e37c82e8e00,0.0048332139563728605
ck_7484c214c889fe7f,0.02162038746580771
ck_32430e678c4f9f53,0.002117501985833761
ck_6276ece8f80ea799,0.018631832119965136
ck_ae8e5dc4b725bc25,0.004517929875834423
ck_f01be92dc78a2dc7,0.011360129958806121
ck_233397a8bd40d38d,0.001541509127659163
ck_f8124911450fdf31,0.913729898676788
ck_aa0a3179f1111674,0.004056162074353711
ck_2366b29ed9887a5e,0.0016580561212668403
ck_1f22f04dfc08cf27,0.0014238263474189473
ck_b62276c3426d680c,0.007753706717982403
ck_d099fca88691f66f,0.0299672250126514
ck_166bd1dcbaf4d6fa,0.0006084445554162795
ck_7b1660e942436e12,0.007895875866380039
ck_4a9a791a1d409a3d,0.012279061811651518
ck_b003e5b54df65db4,0.005718152496263496
ck_64b4dcbf436f0b75,0.0012637570849724574
ck_26e9a7bb2061a58e,0.664606786116891
ck_08b77ad5f8f73007,0.004953303325635255
ck_366616a725afc6bd,0.022516995442548624
ck_934fb5064b6eefe2,0.001452489900097559
ck_c6abd5d57b1009d2,0.0017155402675233943
ck_edcfa9e1cf29d813,0.021031938573734844
ck_c30201ebd003fdc7,0.007169703398152559
ck_c54643d94d3ce355,0.0075504134114557885
ck_02adda6e91e49650,0.006827041909634074
ck_5b73d7c5255e58a3,0.04031423788133284
ck_129ffae92dc01408,0.000709210879111301
ck_fa321945ebedb916,0.053519254388869966
ck_8da980cb2e1e2bfb,0.004797979890801438
ck_0576b00d728bdf19,0.01084363499322051
ck_c543d82e22b3c8a5,0.0007029159533918961
ck_0027ba644f9ae2cd,0.05392524360435602
ck_8dbf61df902a6bbc,0.0007244472781777979
ck_90eeca1cda79fd41,0.0013387093685645257
ck_86d7127391d4e01f,0.0010521668704723498
ck_73762038c7ff2f6f,0.0007051683991266941
ck_a1484e6215fac651,0.9731914437042848
ck_cb83b9f806e90dc6,0.07199212593199589
ck_8c6f059c95872126,0.000606911399238227
ck_3174419a81e7caf2,0.0027377898644258764
ck_6a0f8f8fa4a3c2bc,0.007144422888526733
ck_b5777605668bfca1,0.0012850814053831459
ck_27e4de495abb4d15,0.11122912970817102
ck_7f6fa79c7a107161,0.005617274013589111
ck_c36ed9f8e6792ea4,0.0035399977157233725
ck_67a1aa88d2ea554a,0.014540844024449669
ck_09748dfe4df3d540,0.000727329581731772
ck_27fd85b1e38b675a,0.0006308939252440903
ck_2369689bd795ee10,0.0022336132800662187
ck_4eb1c12f7d092bac,0.0009521110831539563
ck_01fbafc42c8e33f5,0.0020618344407103907
ck_93c4e05699b3b7d0,0.0023273416722185266
ck_afc484d1b6907983,0.000835813407043337
ck_1b2d9cae92a1aab1,0.03216514167960052
ck_73b729cb161487f2,0.004346157969370954
ck_fe3c1d0ac090d960,0.018846979253653612
ck_408efac1d3885ff8,0.02657224606237804
ck_ccb4dd9d0a48a76e,0.003172294645184711
ck_2987eab34ca7805d,0.020528822539036148
ck_1dbf1f15193197db,0.013173616754670998
ck_4ed711fe4053e74d,0.10837495133842016
ck_6c54adce174f45f4,0.0012039810469844962
ck_a6c740041faf0bd5,0.0014068957212602362
ck_b05c4d33c4f43639,0.049354431738894665
ck_032880f1114dd51c,0.01379524789189448
ck_22311b037456a76e,0.0007739422915683568
ck_5866b413549765bf,0.0034162302362059187
ck_0e808afe2570ecac,0.005985916984399991
ck_634276b05f4381f8,0.004382071944673643
ck_5d8773badd0d4740,0.005353900478190916
ck_82b5b79ce3517102,0.9255456646635981
ck_b378b8d8100ee4b1,0.009610395053666222
ck_54e581f71be5430d,0.0006532398090711975
ck_798ba4b8aa544fea,0.001924516510228248
ck_3fe86b6331ff95e3,0.08631480714207619
ck_81275d9d4c559e6f,0.001458412810875566
ck_99a4e5ef02d89493,0.006994692575358853
ck_54e2eb018d947790,0.0031681153258080446
ck_966901ea9c77cc02,0.0015504876581270465
ck_27d69ff4e0cb428c,0.06988145335251647
ck_2cee2dd7bbfc09a0,0.9212251758255143
ck_4136b00924695ab4,0.00030874985516167854
ck_59a164c40c03a45f,0.002203756605398479
ck_3e24b026bc66789b,0.0019470377062070167
ck_8105bcf69a75ee47,0.011573624578677517
ck_7a1782cefe26a456,0.019925189438873916
ck_970c7dc195161272,0.00031444441804122684
ck_a48ec0c00ae20e82,0.0058060309526532725
ck_54b374ade34e1dc1,0.004170927687748299
ck_74e5dec189761d14,0.002686055148666662
ck_4717f24f2c6f40e1,0.016045505565523643
ck_fc8cd8a8209e802d,0.004958177056916077
ck_71db4131d7efe218,0.003396729317419493
ck_45424ea6f0bc4650,0.15111894063055897
ck_3716c6181a5035bc,0.005759604834402871
ck_26de14b96bdad4f6,0.004280479464944363
ck_99c0a41ac9c73857,0.004644558708714334
ck_645f15bbbcff3b4f,0.9926778379478858
ck_b7e25ddd41514d4c,0.0006728093883913844
ck_d5c14e877ca7b755,0.0017099477609759718
ck_05ea4440dac6cfad,0.009767965264203843
ck_c58bafff7b1955cc,0.01315744277503286
ck_f0cf85b67a9b840f,0.013794799099575683
ck_ce1500a7f0d03fba,0.001447533165464916
ck_d4972a775aadbbc8,0.0029055860891480352
ck_3eb6146c262e0fc3,0.0013534480512932077
ck_afb23858a4ef42ed,0.9861719619408518
ck_2c1def5c91c52a5b,0.7847786507339973
ck_72e550559487b919,0.0015412421841665943
ck_0284dc2b4f856b3a,0.2085071253319371
ck_03be334935e999a2,0.0024293186452858007
ck_e35a4b4a3cb4cedf,0.006217215756060976
ck_5abe57dfff4b735c,0.0034748150109196667
ck_f5f87f772388efa0,0.02709692659277046
ck_5a22cb36d612236e,0.004735528862369137
ck_8ff1e6028e764472,0.9873684446927181
ck_2ab28149b0986642,0.6428913118455353
ck_c88fc1bac79fa6d3,0.013441031305983767
ck_5b137d74bba6b1b4,0.0010171511639926946
ck_11f362dca2dfaf5a,0.00550613292877123
ck_7f960541e5174565,0.0020813091929568605
ck_d5458ba39ae94498,0.004603506808043333
ck_0a921a73a90c2e39,0.018594587603899447
ck_6ad56ef40086dbe4,0.0006459275190338276
ck_b68199ecccf2350c,0.0014336217671135762
ck_6dac66c8198c07d8,0.006328157893786948
ck_9b9ce7bebc235fe8,0.002190397557491101
ck_6b817117d87063a8,0.011531929339617605
ck_900d62b3184378c7,0.0005179116338684894
ck_eafe9b89857149b5,0.0019508989779530826
ck_e74716a525ee5b24,0.0013138269175537423
ck_4e9a6f06ab134102,0.01615089153416811
ck_b0d33b5a3716661d,0.0049921314063403
ck_8703543bf3134306,0.004727900856893714
ck_923d6a0f83accef1,0.004734234849900986
ck_52e37e2170532e2a,0.13226910866470737
ck_c1c5ea839c58958a,0.012150935681329493
ck_660f0006780e87e7,0.0055731883442827704
ck_830b2c5d1818ac07,0.004776817781967981
ck_b080ff636932d1f1,0.0018865478426658047
ck_38730aace405f2ae,0.998319654604078
ck_9790138467a06223,0.000724116896747507
ck_10de0b0d86b17839,0.003993000989212115
ck_c3e37a4d3382c32e,0.0010660065566006523
ck_dd8edfefa1eba531,0.0008290425760897629
ck_8153cdadd300d234,0.0004053065357512563
ck_74d0e7c2c6b63d36,0.7243586242677296
ck_c478aae3031bb328,0.00586429359205534
ck_cf301f2194975866,0.006639672026627234
ck_f4de03f44e3a5bd5,0.00890776365165364
ck_b06ce826e593b210,0.00952158876679976
ck_2fc70b6baf6a0e26,0.001562600175973899
ck_d208494cf5c90047,0.011198073675526278
ck_086d29ccae565e5d,0.0017895435543126455
ck_d5ef6dc116dee408,0.0017014523343273765
ck_fdf0c5b722d83464,0.005123895442100202
ck_de8494b13adeffb5,0.002340285583558723
ck_556786868599143b,0.004914260370239734
ck_4940e78cbdcfecf3,0.00551783129456218
ck_d32fbbfe32c00416,0.00473800804082786
ck_bc7710f7e9fae649,0.000959640070544204
ck_416f7ac57da081a3,0.002637404131472649
ck_6fb39b60c67d5475,0.0010156643158170157
ck_e40a156511345d6a,0.0006961914865685739
ck_49ab879b5aa7fccd,0.03567917559425239
ck_bb643194d1cbc47c,0.9966582550856676
ck_b3ce8f1bcedfa043,0.004065557326505308
ck_558ebde8c29132a4,0.0031159677376176075
ck_e6222925762273b8,0.0665396867992841
ck_bd80546b4807dd59,0.008925354138793157
ck_bd21164bd2bbb635,0.003596925951543108
ck_ea835557d7043667,0.004170560923739143
ck_1411a80a157ff39c,0.013012110527203056
ck_ab973888c20c9120,0.04548384423463001
ck_95b48972061abe82,0.0038491391790652293
ck_fc4a43f8876bf10f,0.3368835300824117
ck_f34fb7ccf82f41e5,0.0018459920444165304
ck_5af9934a56801ac0,0.0067507900281047785
ck_fc7445ec76389a58,0.765481891464818
ck_1eeacc26f02fbba4,0.011365209179710595
ck_4f325dd15c9bd45c,0.014814853147860166
ck_5009a6c8bbaf15ba,0.015191316820392167
ck_0f3de7f074bb33af,0.0022124380024025657
ck_2cbc2f93a32eede8,0.00873412900598979
ck_4bb90a61c21a303b,0.010261918277216314
ck_3ade9eac7d7b0dbf,0.0752129233708474
ck_4859a58629622915,0.006788741771014475
ck_5fed957287ebca03,0.0011660438461852944
ck_ec01ae5351500355,0.0020883647929784855
ck_703b41624ae6a5b6,0.001098725436083759
ck_97c38e7f61c27e47,0.010980245460223225
ck_db2c0908150cb2cc,0.006927622132954439
ck_64ac5e6fed86ab60,0.9898576894221778
ck_da1c853b0a061e83,0.010693245516012412
ck_9a36916b60178ded,0.7442119262044378
ck_3715bfa7fed2c675,0.001836295600642033
ck_dd3feb77d7d4f6d3,0.014347078958927107
ck_982ebb24174a4ade,0.030362212171952396
ck_f6b7a10d47dd9a1f,0.002148903690848811
ck_1f56fe99f250cdf4,0.01598339708452923
ck_deb3ac0606d6f6db,0.009730310565216562
ck_e666629e5a41b39b,0.001583504159500728
ck_756d2c13d02b3e09,0.0058030015436031975
ck_7bc752ae7cf5d55f,0.0011525255293193075
ck_fc0cc4b25e6a8194,0.0009548073609669278
ck_9b2b0e286de78a1b,0.019354997226407822
ck_24b0803447211bf3,0.014883533282478663
ck_82eed68d05a42128,0.007105853791834685
ck_c8a03c516ed5b05c,0.01856052817901646
ck_e914974cee1bccb1,0.015963179932218446
ck_0c533ff2d0f9962a,0.010565949411298932
ck_c12805fa5d970a83,0.015788158643031038
ck_fc2cb29918631f10,0.04620000944412672
ck_c20e89afe575549b,0.001278911985201424
ck_e1ff9e31becc27ae,0.07329152571446348
ck_18116d0ac08f1996,0.7049297324910027
ck_885a83975cea5e64,0.0026111525047470487
ck_a0c3059a959ba5d1,0.013868173487074547
ck_75257ca7d7da2861,0.023859167264054813
ck_2210f7a0d13bdbef,0.011577252434024384
ck_9cbd9ecf8374f65f,0.0019773108175147416
ck_18f67c00ba21fbde,0.0035199147487166137
ck_2d28f14d3973d8fb,0.0008601814004968372
ck_8b3401b44aaae728,0.0018291475785460148
ck_9d8e9ef37797d3af,0.20388668327080295
ck_9f50920c894f64e1,0.0026421405003382355
ck_4737e0d56c6fa0a1,0.012528654084814156
ck_52c311f29ca3aca9,0.00048133513923056913
ck_6a4981bc721df37a,0.007758833859749507
ck_823539d936c55fc6,0.0017643260807707491
ck_df5aedb4118020bf,0.6899436153618138
ck_a911a066ff0f7b56,0.007182108163791539
ck_684609767df4a14b,0.017639573640096846
ck_f2350bf355dc919e,0.005720169119704958
ck_8452b6cf97c65a5e,0.004221011362134212
ck_084cd84501012218,0.20238620219302986
ck_ace6b72e5bf3e93b,0.05960747385747389
ck_2afdd69094c955c5,0.007838433585251903
ck_fa7d5be26bf7b31c,0.04677738413852214
ck_4b041217690fca2f,0.021443575036439604
ck_9fb8e3d38cdf276d,0.9385032401018404
ck_c1ee56d65a42f59f,0.011516398883174489
ck_fdeaa1cd085691f0,0.03213175730950234
ck_5de33a7a87e9aa62,0.024555520035743933
ck_7476e7fe1ff45545,0.006881891576829545
ck_b0a947b498e47018,0.013827396841783515
ck_e3894ed88a7977e4,0.002135254283017026
ck_c7e07ebfb0bc15f6,0.01422900188431352
ck_3a3daa8b376f2a18,0.0006899611650196461
ck_87809324c2675b0a,0.009801786385395275
ck_7eb4f33260f1dcd4,0.006262149587754424
ck_ab9f0e08af030060,0.007989916337251208
ck_5b8fc4a76f340797,0.011549125267159267
ck_0e7bf10ef49aa818,0.015027396759695583
ck_a44462a3853ac67e,0.98996278627477
ck_2d14bcd2e0fc043d,0.021616686943404555
ck_df1f2dba802296be,0.9739795007731309
ck_466a7316eaf149b1,0.008594290278083401
ck_50df50af592b0c06,0.0030391004055364606
ck_5f9e34c849704b95,0.000571190539609786
ck_7836bf6def26aa87,0.013197580993207196
ck_ba175b1bd8efaabf,0.0035549325479126825
ck_1a0aac7f7b94b1be,0.15262827594523723
ck_6768c4b2aa8ce586,0.024666634355323284
ck_eefcf0ed15897898,0.004438665492468002
ck_7a6cb27e390b6ceb,0.004255259866444282
ck_5275be4e1577c1c7,0.0009553962694343387
ck_6bc0e5b8c0b7d2bd,0.012761670137977923
ck_4874bdec79f9106c,0.023298927914292392
ck_a678731156ad7bd2,0.23835362595201398
ck_db906debc36a5d1e,0.009357663065255194
ck_e87897767c612942,0.005789425715668747
ck_45ed5ee496ef8a67,0.007348274464368412
ck_ae20e28f9854f3ee,0.013961929163469054
ck_9ee044b73943a90b,0.006761187152653711
ck_dab34cf6f0626c9b,0.013274709148427667
ck_64a02b7b96149810,0.0004038477704119878
ck_c417d06f3e94685d,0.0020574323281782264
ck_3e0149cdee4cb294,0.004364861057941784
ck_0e6046fc30f81705,0.004419548858969222
ck_c383aeabd53e9c89,0.0054177621460905065
ck_2ef76f1f36e8b869,0.036313754070336476
ck_43948784650bb9ac,0.008426540841285152
ck_bdb966f43ac350ee,0.007945861215779906
ck_5bea0e0ee0b094cd,0.011708295092076645
ck_dff090f03ca5529e,0.0008562178816377199
ck_a4691b57f837d88e,0.002868090642798648
ck_99ee90946395d74d,0.9855139817110845
ck_cc81dbc83a8879fd,0.0021101105659023156
ck_f3dc0725621b3a35,0.00190490381746604
ck_1bb212d1288b9689,0.022571127715615112
ck_9e7278fc7679f002,0.013676903846149408
ck_3ded7a8720d7e311,0.0013360908750194103
ck_798157bcdb9453e1,0.0008632006046275962
ck_9fba80f56f357fe1,0.001534509970822451
ck_f1e1c8491f16f912,0.0027106123241597865
ck_7b1319a5ca2f63c6,0.9842844170809357
ck_124432fd5c92af7e,0.6873156339616988
ck_148cb0c723284dc0,0.0037637193455531326
ck_b56c62c950eda009,0.002504390139220916
ck_a0498755cd8d7188,0.0005446978134667413
ck_5379452a9d74efae,0.001661737346621536
ck_6c2453229d608183,0.010680896321269553
ck_f9d8b4813a88c1e6,0.0027273309137942807
ck_c2c7d1e45a521857,0.007398808548453338
ck_4364a83a11743888,0.002342319764579572
ck_2cdf5fd97ba75e06,0.7805947147023251
ck_71bc01291e0533a0,0.007826672463232053
ck_a725d7aed2a0bdc2,0.0007373896415202087
ck_a9b0c4dbd7db6a91,0.012675947545361459
ck_a4258806a533efa9,0.006095711344926388
ck_905e460591d9a278,0.028042199020351575
ck_20de8abfd8960ee3,0.014381827994912427
ck_252b0a0f1119b220,0.0004353130655711707
ck_95e4bef65c36af1a,0.001306692459834626
ck_5ab68b434ad53fea,0.003668156349176197
ck_13677a1957078827,0.0021210045664215413
ck_d251e9fa09e542dd,0.9977966551867611
ck_700cb620f300dd47,0.0055690246301010864
ck_39a68c55a1bd3ace,0.06468602422630049
ck_61a59a7944d6c53e,0.9196961901240621
ck_db6d1c6d31da967a,0.001773348355233614
ck_650020c500b1b50d,0.017539083757862756
ck_d812eb6930192793,0.00043121647465292384
ck_92f6ebc11ebca89b,0.01612105871433875
ck_d87e26eb5bc84b01,0.002657131188058803
ck_66439e697695224c,0.0023136276518713056
ck_f21efd504faa654c,0.0018173784536683981
ck_15eed0f5652f0352,0.0025250763059740918
ck_bcdbf57d98dc0d27,0.01582813005305273
ck_873ceb8004d3a9f7,0.015690822298698313
ck_70bef9ddd4bab005,0.0014781295352655867
ck_7560f1891d66f294,0.001136373664058769
ck_f439f16f8693883f,0.011470499315559136
ck_14f9535e53f9c7a6,0.008240758518445895
ck_5984be472d2bc267,0.1839689754739607
ck_ed01be7504dc4187,0.018698248927470615
ck_dc3d8b5c17b67ae9,0.010998325297895973
ck_9dc23031b6b494af,0.03982348447518982
ck_fbdac0221bc03f66,0.014452989817329464
ck_863708a99b92ef0d,0.008093893489433047
ck_22b52654776a1ea8,0.9931190049641114
ck_a0714f98001efa0c,0.005113072876995689
ck_9c56114f84e9a541,0.004092110501927704
ck_e155cf506b2fb699,0.0009408917270070646
ck_65ed7e72f24731e7,0.0025055653617770263
ck_822d6e8e43befc72,0.941728755084306
ck_b1182471d9ac6b26,0.0010037696603156744
ck_821446adc95e6da5,0.0030047232700485906
ck_ff182f033134dbb8,0.007529061387146468
ck_9c5feef7647b0588,0.0004900735825640713
ck_df935d8bdd44883e,0.0019829169521845135
ck_01eb24c18ad11fca,0.019249814705155605
ck_00d6730134a1eb51,0.01660920518926396
ck_79ba8e85678d0224,0.0020197097681728857
ck_97e3b04a1350f6e4,0.027783140092789538
ck_74e9747954a46eaa,0.003970175169222127
ck_397d5fcc9972f909,0.019231105921263154
ck_9ede89e8a43c3f53,0.02054535128195865
ck_303b33910d67f306,0.0008594302527194727
ck_3c17841636f6f7dc,0.0020343730915609714
ck_78730527f8ba1438,0.011983010704373995
ck_5ee32bc6bb5d1d4c,0.0191258685602446
ck_a13fee8cd925d0dc,0.003636030183347678
ck_6f847263379f2e43,0.014160267125178434
ck_9b9d9e579e7b55b2,0.06142221636195063
ck_87c1d0a79e79c84b,0.005129719206611557
ck_bfc453eabb472f91,0.0019420740088482353
ck_978c21bb5fe3171e,0.018746581973390065
ck_dd882323474431d4,0.007848151341688125
ck_533c4f7400d5ab22,0.03274786981246098
ck_5f217bfe28954e75,0.9900017464795053
ck_ae96d35465b3b4bd,0.002444703595949498
ck_512ebe97c0af94dd,0.04874011903557477
ck_f558fe02bb0219b8,0.0036404111910561102
ck_84092e23d5ef4d51,0.020390711844596156
ck_17d3022ca12eacd7,0.0018536885845369228
ck_8a8f81bf3558fd9c,0.0021483055464917777
ck_0ada6fed1864e7c4,0.0037089839955606945
ck_21fe7bc59dcd78fb,0.001815672220266964
ck_e136e20c1c74fe38,0.0023618288861257846
ck_e7a530e09d113dd7,0.15368052051803854
ck_7cb0c9ded4d63027,0.026249706122816817
ck_102db9615e722c9e,0.010999629008122793
ck_129e39ddfde92eeb,0.0010626559430913093
ck_d730ff21bfd7769d,0.0022613364483241526
ck_54459b45d2be8459,0.0007764759968308402
ck_7f1c20319eb60aa6,0.9973927067537065
ck_939fede90473e412,0.0004067205839715969
ck_e0f9506a6d5f4a1a,0.004892101968951652
ck_9a4967cdf49265cd,0.13593537258638874
ck_b9eaf03453ac7d5f,0.0011591730608719235
ck_522477be6376b450,0.0037577263261733395
ck_9b6282e3bad50710,0.013319462255840925
ck_a0e3a2facd508e49,0.01650154099799835
ck_97ffae702f7c3d08,0.0006129433824141836
ck_344a95cb7115ec67,0.0032166387164674886
ck_1f2760764afa45e8,0.001925628629721512
ck_720cd658d11ea428,0.02141596948688139
ck_04e32ee9834c088d,0.7165866525597424
ck_2bb1389e5e72c8f4,0.014537899699927446
ck_961e7dbc217cfbbc,0.001862839904712829
ck_f3bce4eccfa6d6bb,0.0010627649577368134
ck_e0ccfa0d689339be,0.009118339525659597
ck_98217aeafa0bfefd,0.009837221182460653
ck_a02aeec1914c158a,0.008759786991294405
ck_20a17e8f206a14c8,0.0102849985687364
ck_114c32aad4b6183f,0.030549569313654483
ck_79f5198f0decef20,0.0007295200948308294
ck_2209de229b4c71c5,0.009287967703840374
ck_6ee939b7f396975f,0.003029943063101589
ck_202f0c14b07ace01,0.015540541887550122
ck_fa24db9d416ab904,0.0022331129573618367
ck_cf6aa24b92c4d33c,0.8847074909605288
ck_45f57fb8194cefc8,0.00943101300686381
ck_d5eb179dc45394c6,0.008365145275986178
ck_efb24be983342f75,0.0051978470292001365
ck_245f5d62ead5ef28,0.005040748856506549
ck_15fe2a47fa7e92ea,0.001029427647233129
ck_b6527a85fd682554,0.011990728373068159
ck_11f9390a11ce9ff5,0.0060237844769626975
ck_ffb4d892c5158201,0.0013897641823337108
ck_d4c1da5a1427fd6a,0.03319574210987597
ck_2c041b1efb1c5063,0.0032803850770408774
ck_ecc18f40b33be769,0.026642082263573993
ck_0525349f3945375b,0.020845902596042954
ck_0bfe62e0c7eab9c9,0.012797115330918546
ck_b7c37d410b1646c2,0.004271466111937071
ck_4b15b0746318cf42,0.05609754886192502
ck_e5ee006ecd8ff661,0.03155311933952333
ck_ccc83cf66365357b,0.03013381412671071
ck_34a33ffe8339f66d,0.969391231069983
ck_4e39e3b165edab58,0.6986466071542413
ck_1a71f8081ae00190,0.9448448281202724
ck_ed8f1200fc049c40,0.9420419819118988
ck_8a5a57858e8c77f3,0.0033710519848115785
ck_fff9fdc2adf5100b,0.9703629153140908
ck_c76f1bf40f3b787b,0.0002807846377557143
ck_1a6ddfeef82b1b1a,0.004174010662875592
ck_478d2667aa9896d9,0.0032060021179156524
ck_641c8e7694b21f3b,0.007992173473552976
ck_293581d879f6663b,0.8627281486741266
ck_1bfa8abdb22be8f0,0.00881612040149797
ck_05ab5b03d0bf9ce4,0.07576163371229416
ck_35694db37f0cde7a,0.000524186997557397
ck_fe33eb743d714c03,0.004275112303235009
ck_abd10fbcbaf2b038,0.0032068000256773475
ck_46d51648c1bf80e5,0.17728667559679584
ck_5c8390017fabfaef,0.034333807597649174
ck_87d55ca333f22072,0.0014172936488807072
ck_c39c6a1453e2b92c,0.002432906039297025
ck_69ff1b0aa143a168,0.0007855265618456779
ck_e57c79eaab35ded7,0.0018240285624788715
ck_463ae759e2b6ad1d,0.009513015834762568
ck_0dae4a7eb587f3ba,0.00554447022456409
ck_9b12fb56529ebc4e,0.00403160032204918
ck_1af547077ba2dd03,0.04716029088424324
ck_de13de941bebc7cf,0.0004269535379236972
ck_83dde7da2bf647ac,0.0005953759175428666
ck_c80a94d4660041fe,0.028552535928897803
ck_f39cfeb277ef6528,0.00048167206285645327
ck_1cec1ed1512a2d3d,0.0032023973437606506
ck_7955a359b6448799,0.0006627145974793223
ck_8c0955dad13c3ca1,0.0028835370322721943
ck_6d4cd2de601a2308,0.0059164595448351585
ck_f4536ba8dd2d551d,0.00891294124871606
ck_b379c198d6db2d62,0.003935233564288905
ck_76ea90ebc74bcdc7,0.005963478373366786
ck_734f06bd4aa92781,0.005863342753752384
ck_677e1d0c14cbf569,0.0016811605283083865
ck_259271c70f3fbcbe,0.025847175374521768
ck_c0b744eb9e7d4eb7,0.009122892605644722
ck_3d41faeb96802f68,0.0009609822113171515
ck_8f604fa70fc3c8e3,0.0030997861017475698
ck_0b3c3bea0e0ed339,0.003328145232525929
ck_be5df076b8a86409,0.001732973193457337
ck_6a475fe324d7d790,0.010715272822656753
ck_3ba3fa5387bacee8,0.00026466523429590134
ck_324b9939d9c1c31e,0.003620833489132812
ck_a7fcf7b592f68ca1,0.00831908839118116
ck_5b2728f7cca414ae,0.0004678614355803196
ck_5f4a25ffd0b85a47,0.015213076044034924
ck_63d4f5076fe4406e,0.0015887212958538952
ck_af528d66c86f0cb8,0.37861016498238786
ck_ac7cdb9b8da7b5dd,0.007349599387010667
ck_3bece63711407e25,0.009218946804691746
ck_d4e0b2a12fcfc35e,0.0029833496884031896
ck_ee3e7c9d3a9c74b4,0.015433899952761294
ck_50d7c4dab837bf66,0.006234676667866347
ck_ebcb93a2990fc914,0.020628289520639533
ck_2329cc9702cdf7a0,0.01666518404845005
ck_db1fa53d588bf99e,0.0013255018782682357
ck_44e57a0bad5a0745,0.010324065611397204
ck_472c81a144f4631b,0.0010706941726726618
ck_1658429acd5306ba,0.004800930146195642
ck_466103ec5bd9444b,0.016288460905162797
ck_9757163e25262b74,0.007922947618845155
ck_34ed59bc2c9b0186,0.003569088522831833
ck_b7bd3a7f263f4f29,0.02154699457930377
ck_149662b09d632e41,0.0045381115353031925
ck_a9ffd6b3957bd41e,0.0012591675563541722
ck_ab80466ef615e85c,0.002540411159408806
ck_f2c824d3473db24c,0.010725263991286822
ck_a4a01fd45936b078,0.015446999493029603
ck_8f6ce158c2902877,0.0003223781490063815
ck_5189a302cfa7cefd,0.0005020196994404488
ck_430a3d03be588201,0.0015677973380161811
ck_b5f9dd00914b4db4,0.010164774811310173
ck_52dec82e9cf6135a,0.0016488947856157206
ck_95e444a01e2ab4a5,0.005853214076438297
ck_e37cee7b123692af,0.009638076386588753
ck_d68d42858a55adff,0.01787352780365925
ck_3abfc010091d679d,0.003205572844673459
ck_cee4e4e1b62bf82f,0.007899197178450593
ck_9ccb17c35e636c5e,0.0021807006753851205
ck_f72a5a3b0d6c1177,0.000394602964546092
ck_7508aa554fae6afb,0.009779192193997904
ck_003aa842b7ca1d77,0.11022603005464049
ck_83b2b192f41ee2bc,0.11794911854418877
ck_64796b6b2c3c7f06,0.009999957436875418
ck_6438ae81d43cb196,0.0027677549109454474
ck_2bd73d9098504760,0.013635977021723162
ck_aa8b9b36a099e4c8,0.11336218465502497
ck_e5ece47d0dd10526,0.010615019752631167
ck_16077ac345472e6a,0.002134213843665117
ck_a4d6e152b0076964,0.0022266019202722568
ck_d90b1d03ae151f62,0.008258676130361813
ck_18b36d342b530af4,0.0020593869267746235
ck_2a01e610348b84f8,0.010121529220350763
ck_0a93ed76bf36c8b6,0.006809090990531921
ck_3d56b477fe2370b6,0.01364066792382323
ck_17ab3068fa303682,0.0012421162002360898
ck_592a3520d841d11b,0.012457896491146427
ck_84d07028b5fca2f6,0.0038597600289290144
ck_f4a2bb10afa85743,0.0025208747783411435
ck_4fe4b072f03f2c1e,0.0010689636123680367
ck_9ad08fcc183ea1e7,0.000717793710916148
ck_130d3848b9dcdb05,0.0029504192768716603
ck_bb399ed6bf28c230,0.005740380594543187
ck_a31a64a39a2c4941,0.0008037230120716058
ck_c49f25dfb39909cf,0.013369794264684685
ck_55f50a9ae2db8ff7,0.007107669215300039
ck_09faa4e771cf876b,0.004442719217247651
ck_df520a7a6e405889,0.19683899274662223
ck_8c8c98cc694ac900,0.10894827081721808
ck_7f0c4f609673ef62,0.004487103462309799
ck_f51fe59cd445d2cb,0.0022081574602064546
ck_b3fb83f0d772a831,0.006517953623516455
ck_d6e7e257751c299b,0.002551493995804446
ck_0d362ddb4a1cb6d4,0.008234960330049865
ck_a574a08edaf81781,0.0012215730461929677
ck_a823f5bcb0e4b9df,0.0007744111650325459
ck_f792586ad0381eac,0.008502001882928122
ck_54bfd70022c66983,0.006216892267393952
ck_fe0a9372c9372de9,0.0018839076911647279
ck_5691cd6fdb6d8147,0.009471380234155079
ck_a95f212a02433d23,0.013903655663499985
ck_f5adad75e1c06731,0.013292979778447393
ck_e09c97520eb0533c,0.0035042065446826073
ck_a1e13c0d58560340,0.0011726388770106964
ck_cacc2ca410cbe80b,0.015670628724657923
ck_c0dde2a6ef1e08c5,0.0010515975597882566
ck_a04403073c90ce38,0.00036289507066258214
ck_03d3026107175dae,0.007754661807757024
ck_50176dae5b1b716d,0.0028649222712381073
ck_6c084bfcb38e96c3,0.010830338587521788
ck_36d2be9012f7909e,0.007356322343234317
ck_958acf84c6137a22,0.010619824720307675
ck_114722e12db90a73,0.01974724202337584
ck_203c2a22c0c165ac,0.004327041894950848
ck_2c44ca550e5cfa82,0.00939326503957493
ck_df0a8f20ab8f14f4,0.013869585190603268
ck_826a27ff7555192e,0.006880418335472718
ck_09a988ebcf062297,0.08325599131235722
ck_5c82444b3b9160ae,0.0032540849514091945
ck_f6a4a7ed27fe76fc,0.008506012883128335
ck_17de46314b5c6a92,0.012403156139784443
ck_335e63101b1e6c4c,0.14916688495251312
ck_c5eefc0697451de9,0.005924456855439844
ck_49a0efb5d4067b6f,0.04691725158091162
ck_c1f4509c8f5dac5c,0.0034805926052674423
ck_57658eda1c59bc52,0.001963014742099583
ck_0d5c0736ec76385a,0.00041916542894045964
ck_e0239e6ae30795a7,0.026385406777063077
ck_e4459115cd8e5e4f,0.011480695004371802
ck_bb4aec09d4968dda,0.05782002413985416
ck_a1b4c96faed3e0db,0.015282517109941236
ck_8247b79ac67aae7d,0.002422019292956666
ck_fe2fc7d6e5d83f09,0.014372320479225535
ck_f6aea576cde8d592,0.0014213942565044374
ck_b7e7f7d0cd886412,0.022099913075228114
ck_ca7b993e8286af7f,0.005739540616930761
ck_47de038381a9cd65,0.016220444707390133
ck_d38f941d09eec820,0.051767647983644284
ck_d9ba2a6c0d926b4d,0.0012754074911299515
ck_cda72f597330d0f3,0.0017222150810340478
ck_16d2d27fadeeacf7,0.002043928489458936
ck_be05447853d423a9,0.0012412508788450076
ck_cd92852d7376a4a8,0.00043409091342279003
ck_2faf7ecccc9fec58,0.0003875051805983721
ck_db8733fd92f20cd7,0.00765883522740376
ck_a9989a3a94c26634,0.007740659233576966
ck_957fb25437c75e41,0.019515776229706714
ck_e6a6caf6e7de17c2,0.002490609285369125
ck_f7bc569b37e8bdda,0.0040558186156847125
ck_703b375dd86a6124,0.016168399146603684
ck_d3cfb3603f2c6ca3,0.013063523486684832
ck_07cb2b6f2a4303e1,0.012049533342300207
ck_31631e2028d4f855,0.0036896630231811178
ck_1631bab0ba1256db,0.010594581037345303
ck_5fdafeaec036f016,0.009933685019752496
ck_6eda4c36aecad602,0.0019805938005119953
ck_bd1bf9e3e29de281,0.015423358624233607
ck_bf378ea558a4125f,0.9005103502536426
ck_7aa2deeda0e57412,0.9965317155823588
ck_d229cf7f5a3f38ca,0.002815610581342975
ck_9e109edd124492a5,0.000787584465015646
ck_779491819995625d,0.1802379370361941
ck_b89c6fa2ad0a12f5,0.005507403916887718
ck_1d01b4a609918c4e,0.9079340427868117
ck_714c5d7cb17bc9f2,0.0006948492097473838
ck_269f1746f2609ed4,0.01480686385174795
ck_4be03a2aa62b93c7,0.0012282770844056785
ck_cf920313f6dd28fa,0.004227334700620535
ck_fb00aae4e17740c5,0.0015806829185928107
ck_085d8c42739e2b10,0.9959924040263521
ck_c72a7d0d03cf3e17,0.05961080702783454
ck_8f6ca5d3b17eac6e,0.0009777640106950745
ck_d9573100bbff4014,0.10941009562181189
ck_79d6793d1d0cf43c,0.0008599921462375056
ck_91fa5032f7aff0f1,0.06527676858879686
ck_87110d84872c0fed,0.011510774578387655
ck_8220da627e9992a5,0.0006807776567678992
ck_2ae44938847f3852,0.006236691985921392
ck_b0f191e44f9b6f35,0.011435898403636728
ck_3049d744b527f4d0,0.0022078800275105795
ck_47d3e8d1dd3fbcef,0.025157044148517237
ck_ddf787359d2b5deb,0.00026830070266737433
ck_b27a9e39726b26d9,0.0036870655115581697
ck_80c4e9274cf976b6,0.9968564267733768
ck_c6afa913168ce8fa,0.0026191374561960862
ck_52427b3f8478db19,0.013975005666844807
ck_3b810f15ca0eaa55,0.0012349320961672228
ck_0c9e420f97baaa06,0.9198161499315795
ck_f8540cf3a8b2f8c9,0.0466305217638547
ck_1402d24dd623df72,0.005106643693882126
ck_eb4f4267e24d042c,0.004070424231930825
ck_6f661b428d6fb8e4,0.01591014676821819
ck_519a26ecf3d29c90,0.0009691071024864036
ck_e886ba71d4a6fd73,0.007205022066628269
ck_437f9ecd2016a1a8,0.0027805604721744905
ck_f01af1b0c977cc06,0.0029766329029113974
ck_614f777c2eb5d537,0.0011275372122410408
ck_b804e784cde9af8b,0.016046058058413852
ck_c2dccbc1b24b137b,0.3647388379157917
ck_1df4a1781a0f6999,0.0043855740817391525
ck_bd2cdd53fca26171,0.003010031908306319
ck_424c254249a109f0,0.014016286325822185
ck_cf2ca4f286e289ba,0.019234746273900472
ck_6c33cb15b0d8af54,0.002142986068225154
ck_311d395fa9b8550a,0.004408384755475881
ck_9f792e7e721ff7f1,0.000999693298258256
ck_4c37586080edb7fd,0.000980848423749246
ck_7c4f42c5397113b0,0.0012844989730720186
ck_fc418f53ce4aa579,0.9600339410464501
ck_1ba28fb7ef726ce2,0.004140319914291809
ck_d932f98bf6b83956,0.5235322955088965
ck_248b3659a9239240,0.0037265930737214055
ck_6a92cf5f4cf5de38,0.0060529047366327075
ck_65519d0fb137e0c5,0.01716792484211517
ck_ddc3fc99eaba2064,0.028254365964593568
ck_7310cda3bc65a73f,0.0045475836277725995
ck_c01c85bd631d4054,0.002105988124994719
ck_b4954d16b9749829,0.004139402120904438
ck_f301f6758e170d66,0.020470208623312964
ck_9bf95f8c47e7c7b4,0.0025697856000648943
ck_c91b7fccf6aeb4a5,0.01884565088261652
ck_785fa45e86bc5e95,0.0025335134549054833
ck_2a65f1cc23f1180e,0.0016140664209867315
ck_a49a2c1f881a3560,0.002668316794964918
ck_def344d68f06d749,0.005274295964767011
ck_abbd1465fc730d78,0.004010278866912392
ck_07a5610ed28162fb,0.0031298847660791358
ck_7ecdee2d7127be8b,0.0094540156344798
ck_67858bc00e81490d,0.0010417318878346168
ck_b4ad165ace910222,0.0017689649932981976
ck_30753ffe481a1b8c,0.4527050659724866
ck_c401a26725b17177,0.001359819257410352
ck_819988d8a7f26415,0.00099743305454548
ck_3364a1d9261b3638,0.0020419946517921377
ck_c484c5bda389bf20,0.0007791477887168438
ck_ae416325fef92c9d,0.9159176266088971
ck_5517b9a865960542,0.0009589053735745283
ck_a0e96fed380440b2,0.007227909866518194
ck_e83409471d2b0b44,0.028592411482359664
ck_127273af97d7827d,0.002021410954148771
ck_aaa9861c91bd14dd,0.0031603547945552135
ck_a378c58294001a36,0.8981099375043169
ck_abb9d65ff1f95b64,0.06526745397572026
ck_a5ecbefa849ae569,0.008733267619278763
ck_aa9953c0ca2bed7b,0.0003570054629789376
ck_40bc6de252865f32,0.0014311234558319233
ck_9fb11688dcfe1513,0.003985892800104381
ck_ba68841ca2ba073d,0.0068482993394791275
ck_1d3e561a7d20be0a,0.9966775870611491
ck_99a92d710a29c1d0,0.0024299408489259966
ck_ede2e887697ffac0,0.0009176566043529361
ck_e6de67c0d82a7b83,0.006020269432312845
ck_6b38763bf5ddbcef,0.005844251888088547
ck_8dd44eead7d765a5,0.006193320466297721
ck_30bf5b0056eea9e9,0.8107841591642588
ck_2981d16f8a51a8ed,0.007349263883082134
ck_fc60f42c68c7024f,0.010632052070034488
ck_8e2b2251ee224aa4,0.00404594638216261
ck_1906f0dfaf6e9bad,0.7349503702724534
ck_dcbe6814fc4ca0b4,0.004894507606107132
ck_f7e958a286ae3b57,0.0021113663492089855
ck_713649668a7ca824,0.0038956216712418053
ck_6f73cdbf9305e2ea,0.003326138057916616
ck_dd1c490050cd9051,0.008732622068180748
ck_e30db36e376606f7,0.16305104844831417
ck_740d8fe8028b5a2e,0.010387323592273335
ck_ebbc9418cd41f692,0.0014207391186639422
ck_7b3cc6cc3f250f39,0.038841547746923055
ck_1d30eef7110809e5,0.21277505891751086
ck_77e0589ab339ca66,0.001576186043561154
ck_15ccbf8ff7d14086,0.011800795154715969
ck_246989b0c288664f,0.006420226002482993
ck_fc2a6e27b10b10e9,0.0007432981993495193
ck_8afc1112c12f5402,0.0023653890566882425
ck_a76e8d83b9141364,0.014002660703634751
ck_51d3e8dd7465c015,0.003210735942611365
ck_e7b4016909405981,0.0018523037500641681
ck_e7a3cfb9bf908e80,0.027428689321081882
ck_2bb49dc2388cdc1e,0.0013943843249919214
ck_94f4266ee7871345,0.0067893638906106665
ck_b2c896beec146477,0.006169651734303205
ck_fcf5d4a4748cdd53,0.0024919671917784875
ck_fd0483639811f62e,0.0648318584831846
ck_9a21d183524734aa,0.01748479045209768
ck_1df4b46c0a4c317d,0.01521278609120333
ck_638df9e8a22dfe0b,0.0014970964159157967
ck_65acc43a6dc3e65d,0.005550959278714614
ck_7c67b73196e3d0d9,0.00867083731570938
ck_b0ee3a98175b462d,0.0016646202649708455
ck_20fad010969f1abf,0.0019290377189957915
ck_54b087bd873af8b8,0.002991476866448518
ck_8007824431fa803b,0.004521773310289196
ck_23aab322810b9fec,0.004326910923851636
ck_c8001bdb9aafc8a6,0.004404630160834719
ck_3a34c3ac83cf84b3,0.0036393079845829573
ck_60187ac2c473a662,0.9891547995540876
ck_6a0ccd7357979f0f,0.028315541274381954
ck_27f20337bef5ffe0,0.030476749165195945
ck_f9fc468915afe49c,0.0068940959970709694
ck_1eabc15a94bd9009,0.004162180856333381
ck_26896c494b2768ef,0.002440662720159899
ck_348c874eaf0354f4,0.04992072959096128
ck_be9c46acd216b45d,0.005174608319759353
ck_a3cce46d15cc20a2,0.01383495545915473
ck_70804f60d9704128,0.053383891975590916
ck_a019151ca8e7527a,0.005953455982631244
ck_571133b2aa8ead51,0.011168251653421836
ck_0afa4449f20d5196,0.0022347806644814547
ck_4d503c41cf4e5034,0.0034745617245862965
ck_d6fb9cc5171e3e9b,0.6888284298265924
ck_05ed92a7c3e10e5d,0.008666316311726582
ck_bfb067986660afe3,0.2543223792269183
ck_c1a31690c8573226,0.0016611095254745686
ck_cb88ef3dc1f42225,0.0011147314446522773
ck_21e3b3bd998745e5,0.007306920064359424
ck_cf52e46fa54e4540,0.00063441667464137
ck_b72c7ac4208052ab,0.0067812894002990225
ck_e6465c56b337e6c2,0.006158061470098506
ck_5f87eb05d18186c0,0.004268538568449055
ck_263f6c5ff26b5e98,0.0015261371923950252
ck_e0b7e2c0bbe228d9,0.003523392962662136
ck_b657ae3c146cb7bd,0.001392380721466502
ck_abac514d8167ea58,0.0220168500948209
ck_024dcab126876002,0.005464755001347811
ck_5d8481e2b38bd99d,0.026911163538603206
ck_edf229c17d25dac1,0.02240285877488098
ck_6cb7c97b72d6b5d3,0.0023314892632501664
ck_c96ae2c28086a059,0.015302160663265355
ck_2f241b97c0f8389e,0.006717836630797232
ck_9158bdbb63ee8987,0.0019320076748341893
ck_e7b40b60786c1530,0.0035365319686768582
ck_66d38518f68e6194,0.0004865125699521502
ck_8c9b57ad2a991416,0.0015805626761299513
ck_cc91bd7152d3e9ba,0.011853628706431578
ck_0d846660c7957a88,0.0026590193695855647
ck_60896cdac2212bea,0.05702779198050037
ck_dc4db8b932df49de,0.008572562215333542
ck_2dc31db181150e20,0.005196738294617528
ck_2f138fce1171e277,0.0062579093556767405
ck_68b8b859a6ef505b,0.007208481609778899
ck_c3fe0c6c5e1f40f6,0.0031541572682946034
ck_15886fe84866de92,0.006853754178709364
ck_ea269b35406473e8,0.0004557682887574477
ck_3ce7cad1f69b71d6,0.002502169777788321
ck_054ed4288ee58d6e,0.011097416623192382
ck_3d4913a86f207fee,0.023845266902899814
ck_23ff85f9d2355e8d,0.0049678073827664785
ck_d87ab3261322216a,0.0003977364501737097
ck_fac046ce336fe39d,0.01119799033329591
ck_beb97e498e6cf8e8,0.005905633957021176
ck_1f517e0ebf397b51,0.0036387096048227487
ck_0af57ebaa45877a1,0.005583027668585238
ck_f99bc1732ce5e999,0.013874760035449124
ck_abb056a9deab275a,0.015186579543861007
ck_0bfc394c5faa65cb,0.00583006548104663
ck_ddc865af1dd5670e,0.007425066840073942
ck_68b5542459638b56,0.03508762975258459
ck_0b1d84252c0b46c2,0.0032358524585009486
ck_520ec32c4f253604,0.008441824611848977
ck_79ffcfee599d77c7,0.003649604617701305
ck_eb224c0fd146253f,0.05281617276853995
ck_0e477084434da450,0.01710549368756111
ck_07840bba5570785b,0.02337788040061132
ck_6b67fe8e310ab865,0.014578026630660375
ck_e2a1068c2fa22525,0.006091211848735901
ck_b9c6b32f6bd92a3c,0.0029146937486409334
ck_c1e7d1021ae58f00,0.0005884012588687502
ck_5d7801201749ffde,0.00592861432710355
ck_c8806749e263f70b,0.0007724735876790635
ck_c9eeab826781dc91,0.0059905333853354295
ck_309a432c160a17b3,0.002686478518983848
ck_b22e3337b8e3dbb2,0.009612556558024118
ck_79c30169c71b8033,0.9046390708115218
ck_5a6593d954085775,0.00773752482699799
ck_70b9b79ea1aacba8,0.008388100279028034
ck_63743141ffa11f45,0.004651731336168194
ck_dfd3dbd0d97a642b,0.005025826724113168
ck_635646a661f05b4a,0.006517937271749562
ck_4b123d6931b6d0d7,0.9135426708903303
ck_f2b0e7a47f442557,0.8491760071617162
ck_1b1df006b81d38ba,0.002144427870007348
ck_360237c1bd30f4bd,0.003311864973275707
ck_5e84bca0e362da20,0.0055269993757255335
ck_142dba210ed2f3b5,0.003186747984380192
ck_a3564236069e3524,0.20345632788787743
ck_cf36d8b070ded782,0.003377277602250793
ck_ddd6625c5eddad70,0.001301334969375282
ck_ad54292a0b2f44ef,0.045651822978321134
ck_45cd5ef6b359e9b4,0.0017189739750205482
ck_982c2392238b7be3,0.18475382061434376
ck_083e4ac78685c3bb,0.006010712350805707
ck_729cc0b46cc2e546,0.05656858227453935
ck_f2b8995fe5402759,0.000420440412036062
ck_73e24f5a8da289b3,0.018279354608796795
ck_bd85f30c36f5998d,0.01711173648769955
ck_ee4ff3aeadf912c1,0.001915987189433831
ck_63d2978706e193d2,0.009734607842275575
ck_6a0684436a1e66c3,0.33410998306462364
ck_182dc4a2f5a366da,0.002175598032154828
ck_e6fecb82fc2a82de,0.0020369450842520516
ck_cfb06f07394dfe64,0.0006404346360572772
ck_7bbe1dc8add17ef0,0.006050903137759714
ck_5cacad76e02c8e3d,0.9893975850563299
ck_ca68dec0c7df5a12,0.0020140584783541015
ck_e4c0fc52c82065d3,0.0024377554534855098
ck_f9197b070416f443,0.0011627351521417849
ck_2a07c7021b71cf65,0.012418084984407107
ck_4fa85cebf707de2c,0.0012996580345237293
ck_0063d2a9507467e5,0.002202762456807831
ck_ec986285fff05b7d,0.001428472384980459
ck_279d43303708109b,0.010303693777549104
ck_a406bf11e48cf8c5,0.02021547014265858
ck_064b2aa3f0bfdb6e,0.0068757859448881405
ck_95790440bc4bd2d0,0.004213368718252376
ck_70066eea13b4c34f,0.004568611010667056
ck_19468fe07e26f992,0.9957788983474645
ck_86bfe328e0a533b9,0.9844870581577821
ck_ace3b96c977a7560,0.3666815752616268
ck_642344e5c652d8df,0.005337658152152086
ck_074be35c951ae10a,0.016422170043969394
ck_f14dce41036486a3,0.9969626622800257
ck_5cf67a3a747e684d,0.06536057957440586
ck_f7285b92648c1c81,0.0011024539308906484
ck_bef3193f124fca5c,0.1621857764184841
ck_05c4dcbb45de1f8d,0.0013903012787660233
ck_d7c28eaa05bb7144,0.0016752104440670894
ck_320df984791a1b99,0.002452500180658828
ck_f45bad1606fa00a7,0.002675776421340718
ck_6f81c199e986d9fc,0.004469358336616385
ck_d0c9633fed57c344,0.030252710698635693
ck_a3c25d6cc7478068,0.0016995670183638384
ck_4185506d12cf9fa0,0.0011223769286328805
ck_7a02ee1bfba7353b,0.004732459179354562
ck_1b52590757c0fbeb,0.017633155584464502
ck_a0e5656e1cf9cbf5,0.0014765346979755192
ck_ace21f6daef94f6e,0.0015623441237452118
ck_646d8d0834782d6a,0.057767959470721365
ck_1f136a4476b5e775,0.003755694334427114
ck_325c7643cce02da3,0.01702188887447413
ck_9b5e7fe28208f5d1,0.00253336605914432
ck_05d81b1a150f31c5,0.0018720830355391078
ck_0e9ec486bff403c5,0.015492313486331026
ck_ee13c091bc379188,0.004949489246995462
ck_f7a7f8f5903617c5,0.003391557322095151
ck_96c3a3517153390e,0.003905342575985315
ck_538dad7f096458ad,0.026203033741839347
ck_8758fc6622bbb7df,0.019873924135707648
ck_f7e53af3c91fec64,0.002912800396243301
ck_80b50fad7f255e1d,0.0019080652565605935
ck_9645e7adc08631b5,0.00416009748897136
ck_e007aedbf37d6ec7,0.005787455284648812
ck_2951d76c41de2569,0.02577953333652524
ck_9439bff87e616d4a,0.005341516861120131
ck_a73045e96af0e4fe,0.003503443060079955
ck_7b382e533e2e925a,0.013083918575557005
ck_730226c2d216cacc,0.0034001347666645005
ck_bdf837d761a7cec2,0.42713037213364796
ck_0b34197335ba3341,0.005174140586441498
ck_49170c4b31a20f5c,0.0008546745892522813
ck_cd553ba6589d8bfd,0.010619356546185505
ck_56b992c6f136fa5e,0.008796981687394416
ck_8beae3d7328fa41a,0.013435459695631062
ck_1a065ea906ae3d6a,0.0018870139555022293
ck_e9e3381d5e0e5051,0.002058732483414717
ck_a6d4f998dadc90c2,0.4472166784730486
ck_d36733da917115a6,0.014247147538019965
ck_e738e920bbd74a7d,0.005523094263501532
ck_af65eb885a51048d,0.0006919975238561259
ck_73f4eb09af29b1c0,0.017067473670623
ck_8fc641b1750a2542,0.08958249897543392
ck_41b954c7a948c060,0.002059587986919637
ck_25fc3010e8a0f6d7,0.0027304275502681263
ck_a2624e0387974e0e,0.01631108899269018
ck_5cb9d7b2329d5ab6,0.0469320320547179
ck_6c83aa1d100a7cd8,0.02590362751305505
ck_67025c64588abd1e,0.012025747876449264
ck_f5dde68f6f0468e1,0.0009795484656143192
ck_46bfb2cfc29a6d2e,0.010466457078503586
ck_49dddb894d33f6db,0.007529825891169523
ck_f738b633b8862d18,0.0011592730326198733
ck_3d6c3c00d854f5a4,0.10580782524451478
ck_cdb8061d8d1a6c5f,0.0010712554673173976
ck_5e1b81848718bdc3,0.0053845273312133745
ck_8def763034187436,0.004624673269364691
ck_8f8e4fb9c6190272,0.004994261115051039
ck_368b968b5f33431e,0.0004812573989144238
ck_ba7e347251ea399b,0.010566701256990158
ck_9075432001a64e75,0.011058217776764622
ck_73c5371635aca173,0.9472706084686422
ck_81793387b38047cc,0.002536744906601515
ck_0cf220816e320ac5,0.0015744738132475917
ck_820219bb9c761b52,0.6044873480407994
ck_70a932ab39d86a24,0.0006052813772220278
ck_2c4be237a7ed79c7,0.0008606978036888365
ck_acc764b49ef02826,0.6730254392885208
ck_74c3c3452e4e7cce,0.0024640021589995083
ck_34dfb57e5bf31d2f,0.03795836719999273
ck_6ec39903f765956d,0.007779441761446313
ck_5986119e7d81e831,0.006031871931922313
ck_2ddfc948b8eac752,0.19807886743354666
ck_921ff5ceaf40a968,0.0124276721523747
ck_fb3b68b4424b5f92,0.03133380388247632
ck_c3db1b3ad4f16679,0.005900533727076384
ck_124a197be41687f5,0.008195421639631554
ck_c58d9151834f5bad,0.004974626326951531
ck_389607982eb6b701,0.9455390007080553
ck_fb0c138c003e933a,0.0009636092981750548
ck_50d0bb7edd8c69c0,0.006965009635238436
ck_c6cb651149dc9a8a,0.0010749836955363887
ck_81e21354e477eceb,0.01046921433288768
ck_7696e38b3e4197b0,0.018161712095734427
ck_586001d3ed9e7fbc,0.0012641832239001713
ck_bba413492dc46f2a,0.008333270709764659
ck_95b894380ad2702a,0.06145197254919811
ck_277621473369614f,0.9979467339770067
ck_a50621b5eeca84b4,0.002493983143706668
ck_bfa7ba218b988cde,0.005031946786759124
ck_5ea89567dfe78e4b,0.004625785669310858
ck_6c679602a6476ab2,0.0038774426488725703
ck_d3885e286b3b11d2,0.018307788128373574
ck_cdcf6671b37c9c92,0.01391109003772962
ck_b5c93e6d34f8d366,0.0006835858760491942
ck_c24f61925dc158d5,0.07351113001641497
ck_cd09375e6c81d2c4,0.0037881566083734436
ck_a95afc7a00303a26,0.020161056078965497
ck_8e89ca8b39f3f8ad,0.0016350743899491097
ck_9a84b396aada3fa8,0.029356065859226496
ck_5124a2e415384945,0.017965043348835134
ck_d66bb1f063357f99,0.0015942997808984464
ck_0fd9312411b0ac55,0.021518471104855882
ck_ad8cbe6e27e47ede,0.009223248122368256
ck_8398adeaf41f9cae,0.0042953503933545615
ck_dcf851e7bb5855d0,0.004015848476056667
ck_9affb0f26776b642,0.0027601585648841832
ck_f0424b3b36bdbef0,0.021519505687626804
ck_66746d1090d6d9e9,0.0006890903039258145
ck_e5f8c8a5824db594,0.006856172765123694
ck_3e91dcc209431984,0.021629875067062133
ck_126a82e8d42e5ce6,0.0016187804634066804
ck_38e4a74ab256e2eb,0.007780149856905283
ck_1225a97fc413a419,0.02243008986071505
ck_9b5ec0f78e160e65,0.0021245758611933637
ck_7c5529bcc079600b,0.010835447291359069
ck_29640fc2fe81c251,0.004033430653654576
ck_160e9ba0a3f7c1fd,0.001741040755605566
ck_bff090cb4ab76b9f,0.005159120568267502
ck_aa06ed358e43db69,0.02197189904097194
ck_7264486eb512d84a,0.001993211191477249
ck_f5a32e6160b28379,0.003598225128861361
ck_4ba8bec14c2217e1,0.002372978600569099
ck_610815786d729d2f,0.004045576631820615
ck_e267999226b6321b,0.001353446043776743
ck_f3996a3c8eea1ea0,0.005752778503682468
ck_e9b75ed7567a3f23,0.006751835289041736
ck_d21612d48bb4f7b8,0.002818922945055499
ck_1f871df76c6a995b,0.027072514905068082
ck_953bd5de48ccd70f,0.7811876901596408
ck_02a9104419a6dbaf,0.008836426841247988
ck_1eeeee651e05d535,0.021640011117774832
ck_e2ab04136a442a98,0.0018788428310446562
ck_f0d806624ef3d359,0.002672886248154314
ck_4b68b38c1b3326a3,0.003873196933418737
ck_74e60495f8861156,0.0036766375949706578
ck_398f3f4cf05c721b,0.0038928126973165472
ck_f761b7650a0c1a85,0.013225147264681512
ck_7dadef33f5e2d94f,0.9956073592176673
ck_6ff6883633b8c7ba,0.0009644661295739029
ck_4d2159603045109e,0.003809776121123814
ck_a38bd07a5fac5c9a,0.001537643390292118
ck_f517f06551e69507,0.0014239325867013378
ck_a7ea00a1760ad561,0.990507869779617
ck_31fc51d5a3dfe16a,0.0023174822631951393
ck_bac5233623b25ca4,0.004080081723826605
ck_385188ab27784fe3,0.013908724855373443
ck_9947a323bab5cacd,0.019128936244281813
ck_7973edc9f22ee7b6,0.01388368731023129
ck_f97c477986043755,0.0015484901058107244
ck_1a3fd2cc4b4de196,0.0332560736420303
ck_e18ac29ea62cb435,0.023194409207878526
ck_9720a472a3e0140c,0.0016277236255978836
ck_668c7fc7d7e47c0e,0.010139512445503871
ck_214af0806470ef48,0.003205305099139975
ck_a46c1773f01f0be7,0.007518088376379119
ck_f2bdcfb4203ffdee,0.00425007301657409
ck_40e84e6ffe788a4c,0.004651308041617875
ck_dfc6f5712d8d6678,0.05772811375154541
ck_01ef1036b2e66a4b,0.0024714678452196744
ck_3acfec10eec32f9c,0.004628887889701823
ck_084a85145c15ed77,0.0018340341840965319
ck_fcdb4fe2f095fba1,0.026055825932866802
ck_023908db0a193076,0.059041607454003525
ck_fec0ff92fd622253,0.008190500611723233
ck_c009c97d5fafbced,0.0971473166465563
ck_eb9f0c06ee017ee5,0.0027908752169925524
ck_d7792b429620fc24,0.005119015093603471
ck_5e9e149a3b69c726,0.04988463183599401
ck_ce927322ef8f651c,0.009290504437059217
ck_b8fd61a8e82bce32,0.9737045060790535
ck_9aafc33fba1474cb,0.0021997927799716644
ck_ce81ff9b8b35562f,0.012840394222908863
ck_25bfca1d8eaa152d,0.013462192214770605
ck_170c65860e2a7e23,0.0024046440056290416
ck_952da7ca9f33decb,0.00483003350011567
ck_1ebd574406235957,0.00522800139569452
ck_589109a188adc2c1,0.0010481881902286365
ck_f0cbd5383bb07778,0.045327140329143506
ck_242521e261148fba,0.0009509848405560902
ck_509cece86a558de4,0.0018050713391306317
ck_0dd7c5925d28755c,0.007993690266549891
ck_a7e669cf1c3985aa,0.013434086322386792
ck_acb84dc2351eeb76,0.0006205588421874209
ck_b837c7dac2a9b931,0.005396541072594435
ck_18eb1f9181f95df4,0.0005109112163999372
ck_b0b9047dddb1ec84,0.7054493613464106
ck_43aa136bdb0a2832,0.8515863442187259
ck_3e47f8c56c811700,0.00466519207893556
ck_77c587d24695ea15,0.01805548830649075
ck_20578ac693ea4e93,0.029856005327285058
ck_b9f6040eebd1605f,0.017084619219331475
ck_ca9d86f65cfdf018,0.005259469445701402
ck_a4fa8833995c716a,0.003188466691055476
ck_f589f1e29301b5fd,0.013448717122833359
ck_961ddb8ff55d868e,0.0015117288625411155
ck_5662492a54e6688b,0.017326267274871136
ck_ad48826c1c26eb78,0.9674998391063268
ck_621c9ddde6bf2eca,0.009820592655615523
ck_417a3500b2c717b3,0.017657687988696352
ck_c7e129058beb3ac1,0.004740195916323976
ck_ec1c902b9b9b9c5f,0.07171845303380436
ck_317360ec0a67d27e,0.13330896737102274
ck_3e3ea5d8c4a229dc,0.02212882007772044
ck_d11d27de7bf0b973,0.3865215271909673
ck_d37d56e931105db0,0.00517693188414246
ck_4863077723cd6ce1,0.00082505458079352
ck_479a065d5903e9c3,0.002449226164291816
ck_e66ae4fd586fedea,0.005514566105723413
ck_192bbfd0d5720134,0.0014035213027557831
ck_3b436cb29af99f3d,0.003617431115429194
ck_7c7ca54969eed187,0.012144016040476697
ck_826ee896c9f1144d,0.832168966022572
ck_ba1f6dd43fc8a0b1,0.006263463771214306
ck_49685deb63e4e8f8,0.001922619291788567
ck_687ab5d5554bfa79,0.004297330132507879
ck_41346ccd9242cc8f,0.000598410452114384
ck_8f8e5e2b9dfec3d1,0.026157563694865507
ck_94d5ce61a0c50465,0.005522087281811661
ck_6b954c75aad8c012,0.010386844897265008
ck_748af92828c9d288,0.006472702410726167
ck_dddd14091ce812c2,0.0029830977667917296
ck_723323f6870fab59,0.0021968087717185274
ck_dbdf8d0708cc6718,0.004042934582727817
ck_f04938570a154de3,0.0009403195244910606
ck_58afa1550b3b5294,0.006986373938667148
ck_3b150afde386ecff,0.014433925341311576
ck_666b95e75d99ec4e,0.9717885176244471
ck_e00332597cf1eb24,0.022112599491220672
ck_9a9e3dac79280d7f,0.008889366489893694
ck_e8d37262e859d9a1,0.02212251930811464
ck_895bb39d24bc1c4c,0.0012118478044219083
ck_b367449195e36499,0.004399964344787704
ck_d23f9a50d1135ce1,0.037542628934926416
ck_670dc4910cf476c2,0.0011222212527903564
ck_3ecd8a5ce65e21ca,0.0027454716172758127
ck_8584fea2df4c6317,0.013568276842556192
ck_0789ff4562202b20,0.008353621857557699
ck_749e0e50c3907be8,0.0038239998958441903
ck_c3ff6790cc6d7e34,0.0030528121984436294
ck_75fb7e56432ee4b2,0.0006979416018080824
ck_529fc3170fd11abd,0.014559641189597274
ck_34a69b3b4a681796,0.08308411265410331
ck_255f0e5888ae9e23,0.01877463503505458
ck_65be698386474170,0.0007906655160870163
ck_5eec9ed855c26000,0.004026179781761917
ck_5ab39bdc9610f6f3,0.6678189120805423
ck_1b5b75762f033462,0.0036944826979809896
ck_d3e208671cf37f91,0.9685944700697503
ck_5068ee554ceff971,0.030788465255105105
ck_d7d50fb57fcb2d0e,0.0021115166652792426
ck_ba6e1115fceaa067,0.00964448114135581
ck_d07bfb16a4a7dac0,0.9103369672521189
ck_ead68310311690c8,0.9598859634420683
ck_ee53ce862bc9c111,0.008807386075077273
ck_97e56e6037024dff,0.00210950859385102
ck_80b04344c98ec072,0.004705368183399698
ck_5954f45a2ab45f43,0.05743779858742583
ck_18ddf7e836256e3b,0.005632454855388136
ck_89a1a780144d808b,0.004604385539009975
ck_a7331e8b808c39aa,0.022000904663752464
ck_a1fd0ad03ff9b776,0.02933225000181865
ck_c0cf50eef030b401,0.00037181304421179755
ck_074f20921189e7d6,0.0011838468537194134
ck_e2aa7be60794593d,0.0437498835875669
ck_72771757dfb7f7a8,0.008592791683949693
ck_a9cd84a6dddfe584,0.012243691285767556
ck_142c00f9f8557504,0.024254328955575645
ck_221b5d40358230f4,0.012582157496726809
ck_a2d7a563f520b7ea,0.0010616965077058361
ck_66cd34bc568d95e0,0.0227206702249671
ck_a17128972d3e507d,0.012330581159416201
ck_bda299466bb2136e,0.0030004470810825893
ck_2b699066665abe8a,0.008640594371769898
ck_0ac9848bd4ba0c14,0.000782563038052588
ck_98d2f9a6ba3a3077,0.8911874414697634
ck_a872df31b28a5f7f,0.038891781274032956
ck_7e73e1d44ce82ed9,0.003035318543450979
ck_1a415416f620d49d,0.0017814717625367533
ck_c95c786d2f8b8edc,0.0019139556845484415
ck_e45012f22b7f91d5,0.0022504939725878706
ck_aa0b083e2a6813eb,0.010478433687324717
ck_4666232ddbf77756,0.0023529970709427342
ck_e08e9c8ec5f23d8b,0.005804330708536519
ck_31d4c0518e5f52c6,0.001564815355396051
ck_c1ab40638f04cb02,0.0026354410705443686
ck_4c1fdd1669c7cf51,0.0027664268790736184
ck_11662cc7940ffc82,0.014528909526090966
ck_2e679af24adedac8,0.0008139289272980931
ck_454b9e21b7f25a4c,0.0013157614076059474
ck_355c4f29089731e8,0.8972731389983639
ck_507e40760a24d2d5,0.007575033932841485
ck_0943e0f305078e34,0.9933021506534445
ck_abc54ed7111e9ed1,0.0019093613603099434
ck_a60fe02fc04407a9,0.01302371726554536
ck_244b897bb4d57c1f,0.0019330710251738443
ck_8c84fcde93a04334,0.691196722085301
ck_9eea37d2de633b27,0.00221579112769678
ck_b2cb9e6610eca967,0.01996314169616584
ck_09aadb4c41b166f1,0.03439052777635944
ck_8d94fbb4828ef326,0.003659692298043311
ck_089e3a07abbe3b8f,0.0033361788854605248
ck_dfee9de05e3971cf,0.0020196056340071383
ck_6abf8302ce052451,0.035277939405861845
ck_6ffa90143838a4a2,0.0033871137934913574
ck_325caeab5c7a9c3a,0.0007196857829503617
ck_1964ee9db929a173,0.9018616038491566
ck_942b95988a6245a6,0.05605712249581386
ck_913ecdeeb8e21a9c,0.0028249945243058344
ck_ecf9794349eb4b3b,0.03914306851036091
ck_b6cb8d6ae828eed1,0.012444185260851089
ck_2f82ea66c4f53b33,0.05251036123229338
ck_6e676daa4855b58f,0.025053913091604006
ck_2a37fef48b44e9c8,0.03218463351883341
ck_3bd12d468fdc2450,0.025317474534586534
ck_1a28b6a40a6bd3b4,0.05468756270647614
ck_61b79dec96d15713,0.0011315653645050676
ck_31d5e3daced93d3c,0.002025453141833216
ck_e6c8611c0cf233d7,0.001369401050968697
ck_f04761b4a937ac3b,0.0033428216655872907
ck_38c1c75cf055031b,0.007961284509571537
ck_59a561f3df01441a,0.03791476176531264
ck_04e40f556a5062ef,0.009921182211356168
ck_8409716d174635b6,0.0050208379204978995
ck_3019afee83342701,0.00833769564698509
ck_b51a58e7f032c9a8,0.009092175787314777
ck_5043e474f848346d,0.016062297193536055
ck_4388abce33ecd01b,0.307010741552675
ck_c93def7392f0aff5,0.010423678705329831
ck_72e7b1acc19df820,0.003903866763082617
ck_f253130dc3ca5b3c,0.0004783319952864903
ck_eb264d1b180d4b4c,0.0701706873808522
ck_c2504f5a113433ee,0.0024687269923193682
ck_c16ab1e4dafb4910,0.12481575955861249
ck_4bc42878fa180991,0.00713447332100309
ck_1c771a7c78f6622c,0.03150494201227114
ck_d523f0e50a2747ad,0.0013946098593255614
ck_9060f4e7ab7a1b0c,0.007856713513909357
ck_6b55ec4e87a5e22c,0.7306995027146079
ck_55fc62a5f89a7251,0.006925822196372006
ck_bd2545c62f258231,0.0294900597970058
ck_1ccdc69d0bb712b4,0.007628642066259024
ck_710f867a3bd5898c,0.0008900510371885334
ck_f91d48c40337d375,0.00139821589984165
ck_f76d929541ed41dd,0.01285290181944113
ck_e26a6659c237b650,0.012927737232368529
ck_184983177b73dea5,0.006177976824797896
ck_6d0d081bfa8a0022,0.011217239341611496
ck_2f6e64f638da0f97,0.0011385946581628325
ck_15b93103ccd38609,0.004942907867044035
ck_094d10439b7b4eac,0.001594705515780836
ck_d2ca47180a926ba2,0.021258317618747705
ck_a69ca7b9d70972bb,0.002024876964635246
ck_68914e67343a7d32,0.004357629441719541
ck_8176616132458c0f,0.007095787315561938
ck_eee99af3598311b8,0.04741310879040442
ck_94410eedfca91304,0.02134810205982917
ck_cfb11a0a2325bff5,0.0011753809729713814
ck_75217ee144b715f8,0.028996348841577875
ck_d56fc799542299b8,0.0017165785763882775
ck_4c352dd3e7c81269,0.00652837760518288
ck_e23e50e02cb3904d,0.08514462449735645
ck_b921af37d500e139,0.0030860400801246595
ck_82181b935360dcbc,0.993227003236581
ck_22a7cf3b99c5e5fd,0.018003217920409913
ck_f67ee7910d532216,0.007929463903725512
ck_5f48762a14a0326f,0.0012745459676187965
ck_1757fcb0e6e3f88e,0.015993810047659242
ck_2c2f080ba185016e,0.013635534456335424
ck_4c25570eb72711b8,0.0018144545542813928
ck_a3be871ca22ac416,0.0026185178546550623
ck_ab70961e7c6695b2,0.0022193592331857716
ck_a1cdebfc42a52448,0.0007988311452817294
ck_f1b80b821a20186d,0.01587987210278574
ck_ae668e4564cd2aa1,0.002646033835864909
ck_0e2bc3a5afa439d8,0.1603736659558193
ck_3dc378f37d0b74b8,0.008491746362063266
ck_9f9555197480d1cd,0.003377337388955304
ck_bf4e7d48770a4a8b,0.01856221764855908
ck_614ef655f0685060,0.0024852512448177624
ck_04d2ea38ee27770f,0.0025364145508980497
ck_e03a9d8ac94161d5,0.0012741285026459355
ck_d4007b5b26d9d854,0.0009426934127948251
ck_2dd147ce6d61749f,0.007488202148115631
ck_ff45764ea7d6619f,0.005524408415491342
ck_dbc487cb0a6c18da,0.8711044122344238
ck_791d5392bbd80447,0.050928075936146816
ck_b4068439c413b150,0.02118879360952328
ck_85df7b7de9700aba,0.0012387091058192398
ck_001e42551cd06e40,0.002573154007962521
ck_a6c02ae50932cd9d,0.0018175012746627747
ck_9fd0be2c018ff5e4,0.0047305691791877675
ck_32a495128395fde5,0.001040967248783517
ck_b6f2a2fd232c141b,0.030601086723487048
ck_28dde633692904b0,0.01829219104596851
ck_a1a93c5f375f6021,0.00047932217087947535
ck_e3982142336782df,0.00776718483576329
ck_a9812ff3c111ea94,0.01075923576706426
ck_f04062216f95fa00,0.00976021130281518
ck_7c560467daca735f,0.00023790105959477448
ck_76ee10d6e2dba70f,0.00923721178702432
ck_3521243bdac61178,0.005431013364842228
ck_28588fb03b320520,0.026676578872123595
ck_580dcec33ec232b8,0.0031862169993404662
ck_7109923fd7dab20a,0.0028771363726277266
ck_7c872c99481c1e9e,0.003920664699039796
ck_46f4e1f5026f4d1b,0.00026544673928164357
ck_00d1ebc31ec4653c,0.18564886363387087
ck_aac70764dde15168,0.008847353966248962
ck_648c03f9aa4e45f1,0.01149699997626305
ck_5478eb69ef912785,0.20022680346651445
ck_79b8523137bb2603,0.012137908445313862
ck_795c49f312640019,0.000960010523317004
ck_89184bf7b7fe41cd,0.16793202299545895
ck_97d4bd922996fa10,0.002063493242841791
ck_1cef30d08f3a598d,0.0008295808169971
ck_2f9fd36a4a40a6a8,0.0011818663668562688
ck_40780fc0f8d6f309,0.008062894552841862
ck_9083ca9fec2a7f4c,0.0026243203144686138
ck_62081bc35aa59931,0.002928165471130734
ck_2e1b46c5fc56b863,0.02076416196169808
ck_3d139692c51b604a,0.03588228045363198
ck_b5e54e22e3d6960a,0.0035307198907213273
ck_c0c4be3f44311b04,0.0034810012742690576
ck_82a8bdd2692c2a5e,0.0004546468210630796
ck_bdd2da300b530c5a,0.0019389981338457066
ck_ee40498cd97183d3,0.0005914147720814131
ck_70b9274473bd6dfe,0.002118906073325675
ck_473d6314ea614b29,0.0019502726254418184
ck_7443d6dca8cd1352,0.0027894541798772735
ck_3b49768b448b071e,0.006092747597406246
ck_b43f04431c267dea,0.0009518067286636246
ck_4424a5223ba2fe00,0.006477846797159065
ck_819bf3e8231f4081,0.010913611848787839
ck_91d417507a8c58cb,0.03319478698691809
ck_e88e86b19cada4aa,0.007210040250080912
ck_59684167f9c6bf4c,0.02527705596407707
ck_d5f5b0dc97b9dc27,0.005152464043985369
ck_13d1b192bbff8f32,0.0031234580598108056
ck_b21d8630387cabce,0.0007011541399902659
ck_e4ac22046699b99f,0.0036849635295262183
ck_74b848064f2ff45d,0.0013125899436820347
ck_166aa980cc87fa77,0.07617151506373214
ck_98e337806104dd88,0.0010352225180808982
ck_66eb09be007f0755,0.009589106182032611
ck_3ec9b9d8dd7be11c,0.016141262626443373
ck_8b8b9de339d75d0b,0.007258655853450816
ck_6715139e240007d9,0.004463165757090689
ck_a0255ab46e122d2f,0.0010747111415438
ck_66e81a4190c33510,0.0039010789085825435
ck_5d75ea4f5c9080bc,0.8438262992167318
ck_df69858b8a8b3165,0.0022010691124340295
ck_e15252ebd7553422,0.004108230164706012
ck_34d6d74bb3ed11e5,0.0007593574043007225
ck_c2608f78f6851d10,0.07614746961542353
ck_bb99071e8f58c8a4,0.30084897102594393
ck_06010f0df5b7cef8,0.0011725413510896882
ck_8c582eb0f6c0148c,0.0031086818495183006
ck_0034d010d28aea78,0.009338137245296287
ck_01c1f06692566ca1,0.001857853769239518
ck_4807726e797fb893,0.008911720407142637
ck_edc9668282e3c8cb,0.02465563475673184
ck_5486768475af7bb5,0.9402066671415394
ck_3fb9813849e51837,0.006926564909269295
ck_861af5a9a9a6d619,0.001972378147664476
ck_da39653add0f1109,0.003638341452258565
ck_74a4244eb1f162e4,0.0006087196364028873
ck_9a930faade55b8ea,0.0016940488035021282
ck_fb6e06ca88519dcd,0.002719062147903425
ck_9776cd8263a9f415,0.003106855965793315
ck_b3dd1198ac5aea73,0.005333346980920708
ck_b6675a04df1a4276,0.008306005926348628
ck_5c7ad6e731b69333,0.8033380029882173
ck_28dc0fdbaec00580,0.08077900268525362
ck_8e7a32f7e3905f4e,0.0028595629543299635
ck_8563fed6674afc77,0.00495208712193132
ck_9a2fcccb82da663e,0.005983756973199309
ck_6a519bdac0d94527,0.0011692961640116628
ck_a0dab7aa9c4a39a9,0.001234582555698272
ck_a3ce05e9e5e32142,0.00734609209601816
ck_7a7e40ee3f97c035,0.16384169095508522
ck_9e9a830785112a73,0.00805123721167366
ck_ab1bb02f6b189304,0.8533966888545683
ck_7b8cb0f90fbdc8c6,0.005324117728170073
ck_b138fc249e659e60,0.012309563166120325
ck_e73caa3771ec5e0f,0.0031004435430925523
ck_18a55b06ccccd88b,0.010288878979142824
ck_fdcb1d9265d8fec1,0.026699905882961505
ck_e21a900556b382ad,0.002694232822703898
ck_c6bf67470f526771,0.0060207449609889566
ck_b568ba3837afb39a,0.0004038424305652493
ck_a2858979dd5645ef,0.012168067462310302
ck_1da9d40837ebaa57,0.0050867041802385125
ck_9341c7959543c542,0.0008000662745915637
ck_c8ad86806b9a2369,0.016416877565342373
ck_5c85d93ecfed4b0e,0.002439363159728539
ck_f07b09879d697b82,0.0010897771382322647
ck_fe43da07608b1749,0.0027258025852417373
ck_4bca22b5926b9c28,0.003219203082142002
ck_aba573aa942b1d41,0.00300566275270079
ck_57c14e32fa4683bf,0.0011694419437518863
ck_891530b489ce402b,0.003652921405914707
ck_5e74fdadb93ff293,0.032098318936183756
ck_14436a409ebcc90f,0.002303051224030622
ck_00013fdfa0bd37dd,0.0032016610711056593
ck_7dbe24ba01316775,0.03234169857581638
ck_0e3f80c1553c591b,0.0036987698057067914
ck_3edc45db58760d76,0.0005710509072585509
ck_29076a13f539187a,0.1477820917832809
ck_b1e81b58b9a545ce,0.025538188609530294
ck_3f8571d4f7420b2a,0.010989291432512913
ck_7dff6abe4bd644dd,0.3327164121895739
ck_2884bab237af16b7,0.003201279622706878
ck_231e6dd1fe708000,0.0042321461798639935
ck_33ecaa7b892e73df,0.0070723945595787
ck_b109ec4c63503030,0.003138560891119034
ck_a7f522382509cef1,0.000985700813761173
ck_748b3ea941d8b3b9,0.0038199729677758937
ck_29f3a1737a2d9634,0.025602235330683416
ck_cee8d42475a0f020,0.00473305863882486
ck_c6b6ebe145a8ffab,0.03205791653721356
ck_21c99e1d6b881894,0.0023131407670031433
ck_5ad798286384484e,0.002875964335048271
ck_b621b6ffcc7f4848,0.0007656196003968808
ck_ea819e337233475c,0.29087324469546866
ck_9e3896c2668ce06b,0.009779014625174474
ck_501dcf1ead036d2b,0.004082470762882611
ck_8d5eda29a2cffa3c,0.00291190753696402
ck_4d3aa36ff83f1132,0.017630901822049384
ck_8e9faf94e3e6c757,0.0007421399675120344
ck_ce0ec41f96951048,0.008492680782355332
ck_f09165d73ee903b1,0.0026549338031107397
ck_a432b1bf1d3b3d5e,0.11432139237976993
ck_ea618f720ff0b4b0,0.0012811077758378107
ck_7584e7bd755cb28a,0.0017321612360039634
ck_e14681aad43e1a72,0.05279168662382513
ck_5e18870d8e30e379,0.015287704363272338
ck_ff7c26a62bda8089,0.0007304847449483918
ck_cc5a35175d381d5a,0.0021212599270016242
ck_3c25029e40aa8a84,0.00204972954404253
ck_771247b5bc16c12a,0.006912793393862154
ck_664b5e02759f985a,0.0020383930088041227
ck_692a9e8f504b9762,0.00031412484400437414
ck_df8ad2deb0a4ffed,0.009533777460521236
ck_eb48c0bcd12ea654,0.00915327530052493
ck_7c77e597c951cdad,0.003852833781031525
ck_4f75144c6f3b13ad,0.0053507962266504975
ck_1bcff399166d7c43,0.001826044933000915
ck_975c2aa3d4a8c51a,0.005189898736610071
ck_bc6f07b06aaa4ce3,0.8547810840579202
ck_80b072b7f3c7e8e5,0.0023164513923160913
ck_471e4018a23b4e56,0.025489995187856065
ck_53cddfba570b4a3b,0.0019878249775560457
ck_630530e50764f229,0.005834521161607827
ck_dcef7887a4f1e435,0.008822160690015577
ck_2795921a055643f6,0.002183217465450512
ck_7456df89f3792235,0.003636887031353062
ck_5014a3b07e1f049f,0.9675239944040346
ck_d4ec44760cbe03f4,0.003832945382111772
ck_96810ad39d4cb7b0,0.004109976792712827
ck_3222ea25aa29bfa6,0.0007874262431858956
ck_f6c42001b84a10cb,0.02487745358530697
ck_5ac86682385c86b8,0.003076613896513096
ck_4280c33af57eb4f4,0.00039935553540654137
ck_05f79ddd8eefaa56,0.006466644649801246
ck_3a57a13ce032a6fe,0.002767901127941121
ck_a721f0d635fad68a,0.0034999070853951103
ck_a3f821bdf408c326,0.0027807428113870583
ck_0ada63008be5685a,0.008218051977712838
ck_8c949bdc6e8720fa,0.015356408989469222
ck_c0d2c56f9c722e99,0.9938426611972577
ck_5d2b9e6e087b8dfc,0.9967836854719966
ck_5217b55593a332ca,0.05957495951896501
ck_7a7bb9be5a7e48ad,0.008182347324984917
ck_24cd0d779e866287,0.0035092873918514504
ck_7367917891a63771,0.01624832535351685
ck_4b31a8862a857e6e,0.8692459381831281
ck_81429c4910ca46cd,0.00041245958031328614
ck_b35d803568f82d9a,0.006067774306957537
ck_4b00e75c2d2d0522,0.0006219139487514398
ck_77fced07f6dff42b,0.0068331055259253076
ck_3c9a06eb07c300e4,0.00039354264021541636
ck_b3867f7f494db64c,0.000920355525591466
ck_0c45e54897ab34e2,0.011876892416421887
ck_507a6a580ab55c76,0.013884128768777274
ck_291bffc7809f896a,0.0015843144642957159
ck_3753cc5b9d02e2fd,0.0019284181366569714
ck_4f63d5245b3ac1dd,0.006671893307257709
ck_9dfb2ae78659240a,0.014537244037806756
ck_90f6f5ced708aa75,0.0004843557363369541
ck_8b5b5a6b5539e39b,0.9882121719536918
ck_4719112b55d20161,0.006630585071722053
ck_fec888a7108ca52d,0.9895206829735314
ck_4f5d022c99f118b7,0.004168156092898248
ck_e967ff05514b697b,0.009152261152952238
ck_839ce35819bfa4fc,0.0011974687531164851
ck_bdee1221b9addff8,0.003420685753624153
ck_9cde4036d0914427,0.0032102212393715036
ck_5ac959cbcc5e98f3,0.0031852382975381625
ck_619842688294dabc,0.015584761573959587
ck_7373d7b04c7799bd,0.005798226552620389
ck_c1dd3feb9a0b6471,0.002319540779393837
ck_0324a4812ec319c6,0.0026917901700953166
ck_7f3685aa2933b251,0.023756049530956107
ck_06aee5a62a67a84c,0.037035782327980854
ck_3428910b44b9d08f,0.03915956639301153
ck_c3ba7534cefc1de8,0.002425517776653606
ck_1f1273a67cbad5e5,0.7136734982419036
ck_124565a11b2f8bb8,0.004125204038164784
ck_38e46bc861e0165b,0.002733176361397931
ck_c8ad3f01319c065e,0.023405150840173115
ck_3f94a34f5038f7c1,0.729109095426347
ck_cee56be5a502fbd1,0.08534377508981866
ck_2b90b76cf4d162f9,0.003657023887312395
ck_884b2e463ff1d54f,0.00642989102934204
ck_fab4f2f8531b4827,0.01500788749670814
ck_4fc6256e0e60a926,0.008233149871341263
ck_0a2f8b2f8a5b6f02,0.002444694741948361
ck_9c0deab8a8367c5e,0.0004916411120943265
ck_d3a2a4c011fa2554,0.005621799664339533
ck_4108b4038f762817,0.012289329980934115
ck_4df036e2aa7e1056,0.005116195311655322
ck_ec094eb1cbb3efc5,0.0014075455790217783
ck_09f8f51bfd2492c6,0.006012334708664654
ck_b60fb9a10d6f4489,0.014611341389331716
ck_3638bc3388dbc1bc,0.16066159235539798
ck_7a58e0cc9943c39a,0.003387670011951412
ck_37dab6a0a536ed49,0.045263292488794335
ck_adc576690df5b33b,0.007671703175594987
ck_1383b2b1875000f2,0.0076717102439517616
ck_43c1248db37a2eb0,0.0011432576951790475
ck_29c11bd68858e923,0.00040566290377494095
ck_9401f9e11f65337d,0.004189465264747886
ck_ce5ed372b1a2ed6b,0.13914058357050454
ck_08b4619490e751a8,0.966072234375942
ck_44b9125526acb05d,0.007324978130923757
ck_ef1a1de20d2124cb,0.020217610516538902
ck_e5e2624b7fc89774,0.00803126248167373
ck_f5100511609b92c0,0.000364043367288934
ck_64f3bb17101b7c42,0.002963113808971479
ck_ea1e5b5128ecba2c,0.005163818137528124
ck_516163fcf04d5e77,0.005328819084197552
ck_7f9a748110d70005,0.008544417701414658
ck_d263b55f0a681cce,0.006706493267275527
ck_0e962eacf98a813e,0.0009160978471462385
ck_0406931800e0e2e6,0.005347572631219492
ck_0e9b982afc88a3a9,0.9954550705411163
ck_8bbb625384edebd7,0.0011441656663561174
ck_5eaeb87bf6207406,0.9895276275969713
ck_cc3318839c4b0745,0.001670366937322484
ck_08a0355d1f1890ef,0.0019134933112975182
ck_af7ffd1a822460d3,0.07417211553689665
ck_2a09c7aa870edb6b,0.0022329430108060716
ck_bc04f51c23290bcc,0.009232805941154363
ck_d3a8333cb389f4c6,0.004563104509471406
ck_88e3dd3039508332,0.014289168905866801
ck_b8c7771de9b57705,0.0025570098956893017
ck_585ababa02383b50,0.0014062760487582003
ck_e988c108754cee9c,0.004283516863028769
ck_4a691892d9d6cf89,0.01033333695769686
ck_7cdce37d895eefb8,0.0032561824404175764
ck_483fb981a1fb4317,0.0016719801595057589
ck_c1e5182bd99e0e35,0.7198846447443488
ck_9a1e3ec9a1839939,0.005207009804234182
ck_5c3f13de0dbd5086,0.004854785517030854
ck_f4f6f0caaab70040,0.0015938925216235859
ck_791be3378dd7d64c,0.005721456867625818
ck_956dd784525f5886,0.009559401491843951
ck_098167eaf124c279,0.005522143802119565
ck_33ecff7914349ebc,0.007685928276555927
ck_e05d44e46c7174e6,0.00335227215838439
ck_1b2ce474fa6582b4,0.03546974804538903
ck_ab581082e8f72e3d,0.0020021417305041826
ck_e63256667aa19070,0.010947017171161512
ck_f568772b6cb3febe,0.013679464137810623
ck_dd89a282375bbab6,0.01626210707054001
ck_a39d0bca345b492d,0.003938040274049932
ck_d12d2924d0f7a64a,0.003826477729892009
ck_6a548da1728b5823,0.9895269889924351
ck_6d64193681d2a94f,0.04344441348377208
ck_ced6b6dcdc7c201a,0.0030317280643920776
ck_d1b0699d26282871,0.007153610948513713
ck_58f757e40a9b8877,0.023883098357988023
ck_3272c2c4a37d5220,0.9698844209224463
ck_d94dfde9e03c9d1a,0.007758759502258812
ck_08a6d4903a7fbaca,0.00496045746507025
ck_6c72a36b05fa0f4c,0.005488841419491842
ck_dbb4bd4eda97255d,0.009121099003163389
ck_94b59bbc824b307a,0.0018380700925493387
ck_0229a07185f15469,0.003664121209841456
ck_11bf1039f8b3025b,0.003998097442949626
ck_36789ca11459131e,0.028142568122612736
ck_8572c5f5c1447c62,0.006249529024524775
ck_9e75c6641939f4fc,0.023041192069185607
ck_b45e47c39d4dc7bf,0.009741362451416274
ck_02903c48b6cfd65d,0.0029169903791172237
ck_b153386f1729de81,0.005360498692641044
ck_36979996f33498f7,0.8074553850521908
ck_3c02d4dbbf6716b6,0.0035078067396201217
ck_66c9a19963957531,0.02255684756088162
ck_bae8dae7cfd8baba,0.0006546570094862134
ck_bba0ccc6cd968680,0.013923801231443253
ck_3267fe3aac05c71e,0.002034653150220338
ck_40052cac10562cde,0.00799440414624983
ck_d973444855403e2a,0.005460288929241984
ck_012519bb095ad36b,0.9970223506599084
ck_ad7c256ea10c4a00,0.046333907967935836
ck_70a60e095e9b706f,0.002027206172993649
ck_f2734417c0db4ee3,0.0006681080229588027
ck_9cb89cc3178e0172,0.009591191507131466
ck_779cc0f2de4d5488,0.02152784830696798
ck_35f8656bf93e3b3d,0.012321421296789464
ck_bdd8eba728800e29,0.008241226447672664
ck_002cf760d173f0f8,0.0060791720768969765
ck_b046067c6ca3831e,0.0024341233606175157
ck_a4a42d4bff8af645,0.004370955025578801
ck_bce253d2396681a1,0.002880706127924823
ck_00dafc060c8de32a,0.014970953951224771
ck_968a99e097ee78c9,0.274608510826102
ck_66949171b387bb93,0.045075120762687854
ck_ad305286702b1958,0.0012681989558562337
ck_4732da7e0d2dfc7c,0.0025416768936801833
ck_17a95bba77217d85,0.0314014335066885
ck_3e2516a3e35067e0,0.0018955874223653439
ck_0b615ed566da1f58,0.012243183689039618
ck_d2b3ce1ebabe9f93,0.008670255395637217
ck_a892252e4e0c2828,0.0022167367772323475
ck_cf606fd6ebfdf9bc,0.007285414320230358
ck_718865237134ebe8,0.00192319840564618
ck_878522cb775b904c,0.01684298000778237
ck_9ed53de6ef779ae0,0.0008006959524412996
ck_3f16e2cd7e6874cc,0.0052254226651964955
ck_3c59df37895ead2d,0.0006404965203789022
ck_6821459b626d492c,0.0008948904637004268
ck_11c7667920541587,0.004801404658248781
ck_23a016cf6b98d89c,0.01650985846494911
ck_7137eeb394d200f1,0.022174802556202425
ck_9c4886c5c90ddbdc,0.00140397870751207
ck_1422a7bf7756294d,0.9807680211464548
ck_7ebc5fa7f0d3b8f2,0.0032001649004938645
ck_fcc2059a8d5c41fa,0.024226802421073213
ck_00ff7389d6a83e29,0.017299568067530243
ck_03129b41457795d2,0.004362324083995994
ck_38ba64efa7c38250,0.013922558270950437
ck_57a6b56b09bff24e,0.006362130182918582
ck_e3b3c5a80a567418,0.0010083356017381378
ck_fc40a16adfced018,0.009155087262781069
ck_9d4b5e6b43bad4d8,0.0017807421548251537
ck_61129937ee466b49,0.006443085543555365
ck_74112e47b8629c2a,0.025802408353863104
ck_b4703ee97f94d7fb,0.0006929481822955977
ck_e560f720a988d8a2,0.5025823962036842
ck_708fea345f68037e,0.0005609563100505664
ck_25394c1b83e0b803,0.016370224991960086
ck_17ab24fe914ae44b,0.002118573403324081
ck_16c501470d9bb006,0.003096702618479272
ck_628f449e248c19b7,0.1531797089801256
ck_6d64190623dea714,0.0024316668088311217
ck_504a45ee08db72b6,0.0022168223971150295
ck_6cbb011e0c70bc7c,0.000900170164727014
ck_b3225a98acd04f83,0.0012432057747608382
ck_aa37993f1c17cd1e,0.01222063737522398
ck_558cfe5f77a55a9d,0.004283377584975917
ck_0d0a1a021efea5b6,0.009540751700637866
ck_daf7aea023b7a8f6,0.13985081974282723
ck_d75f25184ece2b51,0.002851320188103349
ck_466d4b5366c50b98,0.0007904099128276937
ck_88f27ab479063852,0.007904999244440911
ck_66779098e78c1760,0.0008755760784870791
ck_b150fe4efb449b05,0.0009308371146010375
ck_9c3aa9f23d01fa1c,0.004390829387644192
ck_6a01c375fc26705a,0.0011607263686176992
ck_002eb6552b504ea1,0.008765673233050476
ck_affa5aa0bff9bb0c,0.007523639629087351
ck_027614eeba8b1a4b,0.0018584679906617936
ck_67e075c982add719,0.002344325468367712
ck_399b0d510be98bd2,0.0071755754393445555
ck_e9b0bca7368555ef,0.0020130542280247694
ck_59c29d9c57b4f994,0.004677732432683403
ck_37176850ed68831e,0.014158024554674162
ck_a0db4ccca08030c3,0.8147827360958515
ck_aa188e5c25f7f42a,0.01615930963604771
ck_7de6997178207800,0.010254511106711127
ck_c729d19053387be9,0.010269561503824782
ck_f2d3e3d90608596d,0.14401863833824566
ck_2db3fb565e0211ee,0.0018891108837017245
ck_bed8a480e27e911e,0.0073524172806331035
ck_d7ad9921a4d25926,0.007327417938817385
ck_2a59f23fc5194699,0.016694568462823224
ck_63601a58a6120d8a,0.0044542279436677185
ck_efd7b9e22c6317d6,0.014081797713141594
ck_9ab42875a0f95b43,0.015626204376653574
ck_85cb5033fca7c846,0.012368615821813481
ck_5249b223000915ec,0.010660132576774025
ck_3efb0e9bf25612c7,0.002238146567615873
ck_678e74532ac19700,0.005762763879734507
ck_a980b296c95153f9,0.015229083272732351
ck_01ac687ce0d696a7,0.009501540976066928
ck_52e1418cf1aa9871,0.0028520684858281426
ck_7d28da4f1dab09ee,0.44639936535367
ck_010d0c2e6c1657fd,0.14894745057759246
ck_b524f7a2e752b9d0,0.003991805518302584
ck_cc447fcc24a0772b,0.24473098304908736
ck_2cb3c99845e572da,0.0007865733889348169
ck_604c710141327a81,0.0010773078823040866
ck_8d5fa65717d2e0c6,0.010787148537540191
ck_31199510b40602a1,0.003024300606511623
ck_49e253ea12f4e922,0.01956816761627577
ck_780738e0d71e7e43,0.002288933498552017
ck_2cd21137a07fdd7d,0.0014622885648185454
ck_5e021f2a3b66e256,0.030642745422223068
ck_efbc79246e32c66a,0.0052005641467261126
ck_9951bd806c13c7fd,0.040850815556279084
ck_7a52674e2806d8f5,0.00573950630493262
ck_1a319e509f1efa1a,0.00048558589267741394
ck_c920901b9a4ba993,0.9587836546298193
ck_b71279e807d0b3a7,0.005722179618545216
ck_47e1032f490bb018,0.001635194759769718
ck_192579ecdca7ff83,0.0030193111842068687
ck_b1496c474c4a3239,0.00046962528491666534
ck_5e68ea2c5e893cf0,0.008101213040970317
ck_f2ecab85d4693b4e,0.029731658379794072
ck_89d7bfc81c3df597,0.015186391040753913
ck_7929284327667791,0.026363436058406114
ck_494ec63c5ce8e150,0.018120550992644244
ck_319b059bb2145586,0.013423401072030884
ck_ccb3767c239018c1,0.0006101857061399664
ck_a1c7adfe26e09a8c,0.004978232221540098
ck_0e13c4f73818149b,0.005021266486654099
ck_c285a51ed6214f52,0.0014744811324300619
ck_916784595f028226,0.02231899221948403
ck_6cd8e0196365c474,0.006633606622217584
ck_57b657aba4daffde,0.054401639369477506
ck_562c76a3753fc7da,0.599812111130254
ck_66cfc1ebc9a513c8,0.0009435166631719832
ck_0f38d4aed68d7d24,0.37519342254101345
ck_d8ddf5e99f7859e4,0.0069170402130897335
ck_41bc3efa0fca700e,0.0159591365821246
ck_40799e129fcf42c5,0.5784108559761054
ck_786f079389126e44,0.009985964165510062
ck_bb4c6b713eb0b978,0.02037350962761028
ck_4f01f7eac0efaba5,0.004682387862791499
ck_47d29c01b20cf69f,0.0025636637521905554
ck_bf15a1f8d67a30d3,0.03152651829999121
ck_bfecad7586f65e4d,0.005262828989292093
ck_fc9f16df35190eb4,0.1767632333279402
ck_c09c914e416edd08,0.005545131686564092
ck_c54c5d8e4433b0f2,0.0011998464214585838
ck_1694c28f44480e98,0.006399521966375417
ck_1dcaa3078dbb7571,0.00028319988081161064
ck_af559f990c640e41,0.005051452677668293
ck_9b436162039a77d0,0.006480178275746366
ck_79d62ef181bd0cd8,0.007115197520739624
ck_23caafc2cd34242c,0.0016751397589880625
ck_ffe2aa26f597e552,0.007708381430511655
ck_e6ffd0754ac08661,0.0008899236459121051
ck_beaacb4a783db21f,0.002060159667753806
ck_9863bff41d24ce9b,0.005371991115502998
ck_323b9cc5c49f8ea0,0.41335287705016777
ck_ab3de3d3e41c2082,0.0033277358945313223
ck_35c93b2924900376,0.00802403007058156
ck_5a9d5f9901e37e31,0.003797030018397587
ck_782b0be796164335,0.0066489552189306685
ck_11960b5f1c7a5e2c,0.001206398178959805
ck_9a66cb13a9884cc2,0.006039485652814247
ck_ba666a425930615a,0.0009584648989360285
ck_40140bef4db73741,0.013115275038427607
ck_e05e91cc180063d4,0.06314772232913284
ck_c7f6f45710bc050f,0.0012044572524336093
ck_055fb9f2e1c8c934,0.009796214473337029
ck_58bb02d98e2b9cd5,0.008394727065937541
ck_d9f8efa6a7800f76,0.0017279573416385339
ck_69691226c68fd50b,0.08582432816038438
ck_6f2f0396e5b1c538,0.9953163906650859
ck_78bc3f1d0f35ea6c,0.002312475209691771
ck_2d5a6b6636a2596b,0.0013269751478273647
ck_7878545739af0a73,0.0017903225883846986
ck_03c4fa4f3ed3512e,0.0011672666698928525
ck_1a9e51d092d62c84,0.8380562595292045
ck_9f3861940d8d873c,0.009463092147503866
ck_4684fdd61c6a0fac,0.0029534548310295576
ck_715966f86d5c913d,0.001814991594490715
ck_77f293d44b4a3d2e,0.016338371189376765
ck_24dae044dc05f849,0.012444021045122669
ck_00b9818e2064405e,0.01654202000564538
ck_c1c2cb49c3c1b0f5,0.061761256832298175
ck_bed50fc64fbbf8ec,0.0035268659566614832
ck_4f6ed5ea5ab7c429,0.0049514035100796
ck_458531c22ec2f9b3,0.0063790854100225025
ck_51c50c4c443df31a,0.7226368133914187
ck_732d45bd578dc39d,0.003226173030332148
ck_783fe5bc20cd02db,0.029212933869477917
ck_7f188aaa63d1d442,0.0014320964059866459
ck_ef307a6aee38d1fe,0.9204275024076106
ck_e37196b20968b73c,0.020814100999281285
ck_4ef9de711c3d93b1,0.019846843983612132
ck_17946516d5df71d7,0.002908089679815259
ck_3534be0f4efd313c,0.006482264081879697
ck_29fbabf855cabdff,0.0008165210531626519
ck_191673540d8486af,0.010531125231349085
ck_5f52728d777ff2c5,0.004276068583582943
ck_a045a19369016818,0.9982061152645223
ck_4eadbe7298b15e96,0.005945730037758741
ck_a3a0bd59729fe619,0.0013903140549085206
ck_a1e77090b1c6ccf4,0.004772438516769145
ck_69ab9d4784eb77bd,0.0031744473158782146
ck_baa47383ffd50f04,0.0015698334611760527
ck_e35b2ed08b9e55a7,0.0024077337630814366
ck_b6e3af0a5119d9a0,0.011522418377468285
ck_a7c1dabf3869772f,0.060803287643882396
ck_80b8fca67a14e0be,0.5205900056458707
ck_dd9c5f0c42878e67,0.006100230631251851
ck_41ef7967faf5ce82,0.0006044822022188933
ck_a93560aa348d6225,0.045564220787643675
ck_ffe91d6f0bd93fc6,0.01913878038185138
ck_fbf630c960194033,0.004092020860283879
ck_497ed60723283c0b,0.007661691440375758
ck_2a46b7ca55239413,0.009391155980188658
ck_1a4e5ace078dd782,0.01111012856753048
ck_616cc31910f5de50,0.0032820346722266507
ck_0d65bc749eb42710,0.006260893839560054
ck_2408db62e4395ccd,0.006717235716577509
ck_5d7721930106dce8,0.0033500223050212394
ck_e8a6acea22b20312,0.05585630344092464
ck_e2f792fae128b18e,0.01219710152848281
ck_e6d3ce445b86003f,0.0008117948639387785
ck_263334d722ecbc97,0.9494380974810513
ck_8c5b29f6666d4874,0.026837135108739994
ck_7ea0bf310fc20c7b,0.6404047802741695
ck_54d463f7fd89ec3d,0.01187948066338225
ck_79e45040dbdd6447,0.011162932657567792
ck_60b4d59953505682,0.9356326809522357
ck_fb00dd5021642507,0.009251359702704852
ck_f409ff994a210601,0.018824987403181715
ck_2ca0020038bfec58,0.9016705426570563
ck_adf84b9df54c3d80,0.0114837749762602
ck_942dbf632591b65d,0.0628482838542583
ck_454a7e4d859a3409,0.000943394333454025
ck_2139062d4569aa07,0.002566248303027363
ck_e949a0f4df0b3902,0.9252751585411191
ck_bb113e3e6716ed65,0.006650879520904172
ck_6a28ea6ce69cb869,0.1343675723150265
ck_7df9910af2bba21b,0.0015593127536211626
ck_78aa4b731cbfe251,0.001713091210973254
ck_5839f5cbd8165b1e,0.006130488665311259
ck_7158ad9e58769ffa,0.0112838422758621
ck_acee218cbe61df69,0.005464915264152848
ck_f8dc8473c2772729,0.02636478868450351
ck_f34c93a8173555b1,0.017205885101713482
ck_7cf301d075e4e709,0.010023122215819701
ck_b87e88ee5512ea17,0.002761446310195616
ck_bed0c020b10afa3b,0.006877074304695133
ck_ca10102961f99eb4,0.0017352874153448456
ck_393287947b5c8d79,0.008529634302093215
ck_2fe6cac002142f67,0.0322238198219621
ck_79c7f0d29b1db1cd,0.01692518052481974
ck_c735b643d3cbf67b,0.002991646107049607
ck_ea4332c8fe48e2a3,0.002054262058897054
ck_d39864119cdd460f,0.003291513702451422
ck_3b963d6be2773861,0.002611672410808253
ck_df39e3b8a9fd0bfd,0.746070138052982
ck_6236a461dc0d11a3,0.002265569136541239
ck_475ebccca25e30d1,0.006869495097262855
ck_c10c8bcf5bcd516e,0.19844457032301543
ck_49ccc3716a564256,0.012395197986799833
ck_4e4f99102f6938cf,0.0047740403691273765
ck_a97b481ade6f7972,0.0038432599073646235
ck_3fa559c679751b3a,0.0054860044833064045
ck_3eba1fd2c7acc4c0,0.3333870094320009
ck_18c179b4afc4fccc,0.0035397981172173992
ck_cc1c0b93d05b7d20,0.040892597353164556
ck_742f7c28ddd019e8,0.008792995563800986
ck_04470bc93b8a0d71,0.0020615828113834567
ck_6e8f8ef7a03cc6bf,0.010968151538127174
ck_eb1ddfc353b4da83,0.005288537181856888
ck_98831b57c7ca2e4f,0.0009030401516857229
ck_a6c7b8d6e8596d4f,0.06696014934557876
ck_cd7d24e3b095e96e,0.01956932355034699
ck_3f5ae4673a9f858e,0.0021077784237687716
ck_05f375fc8ae0afb0,0.002605632571025038
ck_1fc98436281ee39e,0.001242063007106964
ck_6c48c58678f64bae,0.000773960078315838
ck_8c95aeec6a4c75b0,0.006143571155994321
ck_364cde38958b7af3,0.10087108664553275
ck_85bf21aa1a00452f,0.00125001058743525
ck_796d3eaabc667c23,0.9945944187283262
ck_ac449ee0c315edde,0.001929398400021353
ck_6f9fd15ac6b163de,0.0014938489456268384
ck_4087065be2a45ad7,0.07100339165700975
ck_ecf006bbc78ee3eb,0.14910147365025916
ck_8ca808cc5a49cb5c,0.008454804083197235
ck_94b90ab8b2dfb50f,0.053580336779557036
ck_59fd11b3232de9dc,0.9578743132905257
ck_67f3794d93e2dd67,0.4742598897512847
ck_b7f5acf5df1bb13e,0.0038672006744378895
ck_fb04ecbaebb774bd,0.005629446747665768
ck_68ef3e7301c621b7,0.003147753432021053
ck_41406cfa209b6bda,0.0015638807374538217
ck_b0f8f5408662337b,0.0027224991807791718
ck_0d2901bfe585c391,0.2434828631564042
ck_3398551e81dbf3db,0.01288137476877018
ck_61c3e3e277629646,0.008545902235420526
ck_2825e34dd3e7ea2a,0.0015183818623372293
ck_20d7571ba830009d,0.0029769032705695463
ck_c98b16f9a72a6568,0.0003364022485906978
ck_e7c8a9e4641eb9ed,0.0006714428444419391
ck_254a7c97c36dab8d,0.007093302282998199
ck_e98429675b46272b,0.0007908002026451142
ck_c2fc0ac460786d02,0.012868679948728468
ck_fba15647b3a140d9,0.007159792231125698
ck_15ce50f2704227be,0.01770051612594827
ck_8c748aaa4a4554f9,0.009062909878754952
ck_e00e82a9419ff086,0.0025725823335729803
ck_832341c98254bd84,0.0126377869967206
ck_27466468d06db4eb,0.020297739890846246
ck_9d7b9e3ff1f3e71e,0.002947727104884971
ck_42c6973d3a6fe983,0.0009194591380014029
ck_877c85bad118bc62,0.009209133746680611
ck_75d2a2715259c4d7,0.03137913121361878
ck_37d3e5c681a2214d,0.23776872039379096
ck_bf285dd49f372de4,0.004749898675323477
ck_a5bdd026fa9c50fd,0.015903230243277375
ck_88d9244a9cf7a77e,0.8351901550658478
ck_5881b174e49b04ee,0.0008128717767216373
ck_5b16d67c5ea89930,0.007542611275661605
ck_b75b936aafac56b9,0.0031808396119245436
ck_aed2681e1646a0df,0.05113881542505824
ck_f63cb5e8cc702bad,0.0048836508589497184
ck_1805fcfc4a9e4ffa,0.7562858054119364
ck_25c355da356c730d,0.0017081824975169137
ck_70396398e4a96449,0.0015403415576070944
ck_0f743bd13373748e,0.02232347907492277
ck_4b387765f0e916cd,0.0038805301203161347
ck_e971faae8a10a260,0.001289223400137541
ck_9eb08369e983abfa,0.0016393763770970126
ck_c30c5844512e429f,0.01757288187235512
ck_59e77e3a81f1fa0d,0.00908671851885853
ck_ca4465f2b5c1a52e,0.9974472043980935
ck_c89b9ca398402f1e,0.0011676491699873248
ck_36e72ef9273e7a95,0.003154366217670915
ck_2bdd8616870e5e1c,0.0014164389238480908
ck_216e87a41de22b5d,0.018547836472361915
ck_60f4fb44f5efe3a0,0.0010456373694500366
ck_05652e8ace6ce6cb,0.0005792214216085072
ck_8c136dc691e65695,0.0006301455363205852
ck_a08f8dfadbdca112,0.0007723510973250059
ck_bda4041a3e90d860,0.003030791550342921
ck_15dd3ecaa8ce0245,0.9485004414609892
ck_3e3c64b3b7876ce6,0.006201470673458422
ck_46225858a38b2e57,0.0006948877053621154
ck_0cb9f54928f4feee,0.005249243235362603
ck_152671fbf8a9a78e,0.7122156177945614
ck_ee7a515e87d17d4e,0.001202132488381446
ck_f7276091bf513d22,0.00034736061015189934
ck_4f05daf1cf0d5755,0.0011686903440167617
ck_83a69c4a5d55ef19,0.008509951583088106
ck_c50fed2a7c9198c0,0.0054865066013283885
ck_70d19d5650ddc8f5,0.004827653304190421
ck_4b4d99e443618904,0.003742764693258793
ck_dca0b6ca93311ca2,0.008564330871622953
ck_b7431d4706461ec6,0.0031437552408468536
ck_7b59d22cadef3b05,0.3525428271597326
ck_53428573abcd606f,0.008556343142754405
ck_f538ab6aecf2adfd,0.0003487955217842259
ck_d321249fb065d2fa,0.028831855093873635
ck_72fdfc7e6d8e1436,0.001090695388935849
ck_b52b99dad89ecdfb,0.003983409797209402
ck_d2d4282f9d256b3e,0.0016656717259003748
ck_c8f2a1dd8a6141a4,0.0009750566287521627
ck_8d38747058d0aeea,0.9824171623039376
ck_3ac528caac74f563,0.003736124404685056
ck_8dbaaa00ad829ca9,0.0071328403567353215
ck_7c38ec898f0fc21d,0.0010430126443294612
ck_8171ef803f5ff604,0.00589107834942661
ck_01a750db6fc1168a,0.047060671266737034
ck_ceb017baa26e98c8,0.07757896728788528
ck_e2c66c72cc0b0f78,0.007300441434770728
ck_8d9518f64b222416,0.0030820447856057566
ck_804c5a1fa5753617,0.004033140598437318
ck_fca7cc9c42695453,0.0008343814730087063
ck_3a632cdf2c19051b,0.004530694233204499
ck_b2b63ea65edf1dde,0.0045782053518892574
ck_27b07021500ee841,0.004643260992016786
ck_9724718fe64c6557,0.9907701045406107
ck_2786cbc3e75ec034,0.7570038071014455
ck_d9c2622cb6df380b,0.003111321858666232
ck_ae1da8ee98e402a4,0.0016490714633559111
ck_62967b91504149f9,0.0019906993254792944
ck_6b255bf68709109a,0.003157016558096995
ck_c55afc68421d85e2,0.0019085663535696154
ck_7c7266f6ef2a8466,0.005956837984242845
ck_885cf685a9541190,0.9580650767701325
ck_1a4bb7d3d2ee3227,0.010256273369403879
ck_b4911c42f3bff740,0.0007991565437809138
ck_66f9f78d4c6a3edb,0.008027966780321154
ck_49bdba9ee1899dfe,0.007036114130055971
ck_79b235d51718435d,0.012851183367969799
ck_d840db8cfe2ef6f1,0.0007694648681768857
ck_610c7bcc1cd7ecb0,0.008067120442666293
ck_cf49b6544aff6c50,0.32753548819326683
ck_de05f97c3d40dd1b,0.03254211934130461
ck_0302f67d75973dce,0.00419847949701432
ck_54c2604c9ca6256b,0.007658507688972227
ck_a1c88c0568f142d0,0.05164706419878591
ck_5d72ff6cc2963d1a,0.004012517617672819
ck_0446920a1004c596,0.0018026510455411118
ck_71044c29ef071570,0.0035307654413391744
ck_2122e9bb1afffef7,0.0017485908105175302
ck_d1e3de178601d3c2,0.013282408349375333
ck_bec8324a3587ef04,0.0006455686970670955
ck_b616b6f45225f319,0.04897560735189478
ck_ce1e695884511479,0.048821522885170006
ck_a662b4bf900781e4,0.0005555614472210735
ck_b5a84c5547378c10,0.0014877038265014068
ck_f80af368cfc6cb7e,0.006515581297165786
ck_da3526ab6c5c884a,0.00567026766508023
ck_bd20be9a3392d79b,0.0010625945246641652
ck_b8266dcd90cbfa62,0.00042144946352797914
ck_ac84b33304362c06,0.003933470767303323
ck_794d8935a895e33f,0.03169727786362189
ck_8fea7d915259f1be,0.0011604362382471886
ck_7a1519ad5ff45312,0.0002733311753733893
ck_9bf3ce30b65f75c7,0.023273854344932437
ck_5f864d72d1eead99,0.11081474543643507
ck_3c48e0cfc2a58041,0.04458009377890637
ck_d902183f80cc81fa,0.010245729451839372
ck_539cb0d117db8cd3,0.04964376259310584
ck_28f530aec8e77130,0.005251469513468394
ck_e7d903c50d353361,0.014892501696956457
ck_d288b77d1e227970,0.009212202582433618
ck_017208fcc01b5d40,0.0022460978127836536
ck_7e3923d278a5106e,0.007380800559068609
ck_9700a00ff9e66216,0.006237358585670892
ck_5c36c78b7a4d138c,0.011949917050052423
ck_c457e9c9224b773d,0.020481534214583742
ck_1dfa91405d7e66bc,0.0010901757341367654
ck_f1d8a2695a575e56,0.004220616429641637
ck_3b92a46daf8d00d2,0.004068065264836254
ck_aab23b5470469649,0.0024105179804477855
ck_ecdd01a391610d99,0.0019591328490241107
ck_abd3aa292f8edb4d,0.01228447753239697
ck_7fc9a0776e1339e3,0.000759703520212415
ck_c0389ebeb0e65cb8,0.0015626872875244351
ck_48d0fc4f6a2109fa,0.996120991364061
ck_571dee4f3336c7ce,0.0033887498049233493
ck_4cedf26628c84f26,0.01242787842833527
ck_63356762d24aab81,0.0059673699482599065
ck_2c5bc11bb7ae5d2c,0.889701831200009
ck_6d26a152f900fee8,0.003327621187884749
ck_c972b0e781efed3b,0.0006904890930780684
ck_fa0ecbcf9a33d6ce,0.0019663975196377633
ck_fa3a766e49dc77ae,0.002073595311163812
ck_7baf1e55db0dc558,0.01368904690867726
ck_e8bc49e6494c1f37,0.0010173183718681191
ck_8ef1d05cc1e53e7e,0.058653312315731385
ck_cef2a485a77e0723,0.003108551425473391
ck_228a583f23abff48,0.004253167211784412
ck_ac32c6e374782b27,0.02018435741246262
ck_b9485218cef413f0,0.0022440432323149744
ck_7f15503048915d6f,0.0007925305102526763
ck_b62f5144db15ad34,0.060335230165313704
ck_917d82c552f95a23,0.015438257033729237
ck_fb4797045077bc6d,0.000861831744499664
ck_2cf8a44e041217de,0.03941224665871588
ck_b7dd681eb3d2ee38,0.001919414340491675
ck_e9e8cacd2fa35e79,0.02802058109569193
ck_342a79f91de5d1fa,0.021630765714461618
ck_2c91f62c05685ed7,0.0014451564849816017
ck_e30cb64302939f38,0.008837532873316664
ck_d0e95b90ba86da10,0.001508319981230262
ck_1774faf414a5d49d,0.9791396860545242
ck_2401e8ff89e574fd,0.8219511014803563
ck_0cd8802264e0a1ef,0.02445433528439566
ck_da84a0dfe947fd3c,0.0036753327517285504
ck_c8affb27ba7fb5db,0.015677940495478927
ck_bc7ece8787ca7200,0.002920998362427941
ck_469a0578d05990c2,0.0008463553116126562
ck_eef67f8dea702338,0.005473028339325864
ck_4f490e379e9ded9a,0.0022818143834049355
ck_354379de065a8ff8,0.005872183499118093
ck_5db1cb368bc41ac3,0.008943077993586073
ck_9b1c3742dd6fcb8b,0.005354474166050017
ck_63ce4f44c92d7143,0.06862575186548006
ck_e15e3390f5ed45f3,0.003491537713312872
ck_da645ea91d66aa6f,0.17049580284381718
ck_834ca727df855f07,0.09828910118538041
ck_e1d5ad20c737c745,0.009981293672773705
ck_ff8059ae5fa5f1ee,0.000857233322386326
ck_8bb9e75393954a1f,0.0009639575182225061
ck_4e1757d1347ab387,0.9977571245575014
ck_af3f74b1d75a5d95,0.01603051789372216
ck_6b1ab0742ff04c3e,0.06904503077289387
ck_f56073911c9f1ab7,0.0008744883296799876
ck_51bd5f69b4fe0b92,0.9355106019376576
ck_fc3d95030b81f416,0.0007097793625389626
ck_cf78169633a1600f,0.0006408473052097588
ck_ad7269eaa65c67f9,0.008490122169286955
ck_cc6d33890d47a6cf,0.012242676174370273
ck_bc8f31f4a2ffa1ae,0.002210107783753731
ck_720776a46e56dfa8,0.003396079362159311
ck_e2d1f212f259539b,0.0030331020276685734
ck_eaf6f7082c3db2bf,0.016259177870836375
ck_773efe58c6278c3c,0.015623973206982191
ck_c4a72c09f2fdacc4,0.0035147209692032036
ck_8982888dd6611143,0.006068319713587104
ck_9d5049e195eda029,0.016715521811603344
ck_de58ef6f9fe2b546,0.0023666397294899552
ck_c0b50c11e4f5adf7,0.019102550162521964
ck_ddaf228487858bb8,0.08027796182100028
ck_eb2323215ff70362,0.03602389709325049
ck_168c96a1a636ea15,0.0069673347397187875
ck_9c46711b14d9eebc,0.0009136263613291603
ck_de8af660806b97b5,0.0023136982047316517
ck_6ab83f45bf16eaa6,0.001975308520319439
ck_bf2228a052815840,0.0024906526296846598
ck_3f943f20a9da9bff,0.004089336579523418
ck_3baae40454c00938,0.002979107511088456
ck_bc2e771a1d8d2dee,0.042353061285742004
ck_e55f5ca37f30ce8c,0.004409862362578384
ck_4ad5937bef176d89,0.0014932188675881794
ck_126531a9126c17c4,0.0006344164296733068
ck_7ec423cb56257516,0.0055977770488937605
ck_54748ae0f2daaf10,0.007212606459933486
ck_ff24776280ceeeed,0.005305833464245595
ck_3c3a1a1365741bba,0.0013366454548990924
ck_615277c8a4e2b18b,0.004036067677659562
ck_a96aaef34173aee6,0.8305704447024715
ck_bea56db7f3e930e8,0.00330626366244905
ck_ca491debd3b32a59,0.006483379520150871
ck_d9ea77f4114a389c,0.0018109690363079752
ck_322ffda3332d08a2,0.018760597804646936
ck_c40ffefe4e30b001,0.0409325970621649
ck_3b1d7648d4580bef,0.0049192420663668026
ck_23981a3261674131,0.004833002746991432
ck_11667f5b9fac7bc7,0.000514215341556015
ck_646bb3c7be5f0817,0.01444033733117352
ck_ebd0a45712dcf07a,0.008259345715118181
ck_baf43bf1bd963f9f,0.05980324985075859
ck_e0ca2c819658f6b6,0.9932710958901623
ck_f0d6633d0834fff5,0.018046775664322577
ck_91081be0254878a5,0.006913991661191785
ck_1325000bc7f35b5e,0.00047657528714345183
ck_c624b9063400fa3a,0.031128654254265916
ck_0ad6fa0e23c3bd0a,0.04962623955499681
ck_6ddb55b1f23c6cb1,0.016084810139692915
ck_dce1fb3acd65562f,0.0011231852084331159
ck_a9aa389688ee5aea,0.0068425413149612235
ck_5c5284c45d9ad8bf,0.008873620010098199
ck_9ce743dd3e92549c,0.014078554174225436
ck_8342e08cc2f9bcb7,0.0020109430210826233
ck_25e551a0a8d2fcc2,0.009511717227605495
ck_d4fd0e438c97e0c7,0.023124488294763684
ck_ac7fe1c344190c50,0.037822613287338665
ck_ddd65711b5651f89,0.0022724611864135052
ck_ec7406cb5cbc8f10,0.0013250462956122945
ck_1c65e8d5be3b9c60,0.09102651379857357
ck_38ee42f15a573e81,0.045175932039498226
ck_0e5385c70c6de025,0.004359100543305974
ck_d3137f0f7629040b,0.001571421207311766
ck_9129c92c12e0c8b4,0.0038499921795447168
ck_c86520a00e50a926,0.017045715980571835
ck_87f82b2b5fee757a,0.011515187488192108
ck_643abfbd7548d0c9,0.0071398181127168775
ck_be51f4e5e6b85768,0.33989583423160674
ck_132c16312f37810f,0.003971322161871731
ck_c78c096ca8cb33ac,0.0007823350973165665
ck_2ce5afbc014763b8,0.01432517061052441
ck_50ed8f4e7ae6710f,0.002524048060935309
ck_5a4eb535c9a11993,0.05279211894845963
ck_9b665ef46d785324,0.0012485416713973628
ck_e066f71f8b296b7a,0.00291718169691746
ck_560bc6017870ab06,0.0018385933829899116
ck_fd78f8a8663646d7,0.005388066878486836
ck_4af5ec61ddbde1a4,0.004923545010468395
ck_c2ed04a9d218410b,0.009292444613387994
ck_2455d43bbdd2bb69,0.005965203721058399
ck_56eed7041add49a1,0.10912327206750032
ck_5f0be7b468a72333,0.0004756972799912263
ck_19660cec756632ca,0.002829901222495607
ck_fb90408f4892a21f,0.0237779211747685
ck_833a65b86a5d9bda,0.0003304496590793812
ck_2ac36e1dff211d38,0.028379501038454824
ck_c00e70606904539a,0.0028674627709159182
ck_ba8affe4b9505a95,0.8918023913381116
ck_0c3dd22587b08018,0.06534664739998239
ck_618c4e5cfae99dcd,0.06534878385688732
ck_c9690baddfc4177e,0.0007990488594094731
ck_59fae092fb0c4aa3,0.003067635803344115
ck_e03b7d0fa0b28f4b,0.007068513563705094
ck_d451d24c780b5884,0.0018650811889716194
ck_e980d325b8dbb8dd,0.0013115373182592596
ck_cff18e2d8c520272,0.0014309842353998838
ck_a0e46b67e986ab56,0.003874735108669103
ck_3a469039a5b9d963,0.0017607769607628208
ck_12cbb211ebd2b437,0.010212924536476452
ck_b8cdd6d6dccc4554,0.0020320523487022996
ck_794ba5921cef50c9,0.04958715615383458
ck_2c7667f64edec2b5,0.0022879814787455446
ck_7262b4e0c29c942d,0.0027077521036685775
ck_5d818522cbfe2a54,0.01634045032649053
ck_de39c1947fb675ee,0.014610936339601872
ck_c021495606b4735e,0.001892040858147967
ck_1fc03ba33edd9e67,0.0987834110549028
ck_a6fe344bbf67f14b,0.004939829365561595
ck_963762210edc5694,0.011300369557350858
ck_d064428b7e7dc409,0.0028369056728862713
ck_59be61b53d971611,0.0023600638071265586
ck_ec8738ec663cd2eb,0.00879125516757231
ck_59d086fab5998646,0.003927052755824856
ck_bd32dd3b2cbb7888,0.9977407344671425
ck_ce0166addb93bbad,0.0012071259637837799
ck_7c0fdfbb447cdc04,0.006885708316645411
ck_cb1bd7635968ed8c,0.04948905223299349
ck_66f94903177f20eb,0.004909901569109809
ck_1d7cd5dcbcdafd7b,0.848488904255557
ck_5e418a7c04437b4a,0.01708242639715865
ck_631ea1ae91ab333e,0.021591868348779374
ck_0a8029e79a5ae7ce,0.010761176087461192
ck_c4cca8278bdad9b9,0.0002633999084064404
ck_4dec3df58077a257,0.026424736459995636
ck_609c249edd88c565,0.004434462920348883
ck_02e5f9cbbbf2f078,0.019560041512902582
ck_32e486859130458f,0.9392784938507142
ck_21ed2ea6386c5a07,0.0005496970517830789
ck_1242aa4496576a99,0.005626795475634367
ck_475ea9aa6d3898b7,0.008682247774887561
ck_fe1b1adae3be70a6,0.5347890510843656
ck_c5414d7a8031d4f5,0.001177680606976645
ck_ca1f6f01868e978f,0.009932751103590055
ck_5eff0208c74ec714,0.004321678767561916
ck_a315c9619a317609,0.014462845608225415
ck_2b87683c90acb852,0.006103620707750907
ck_7cd9f39c50748ed0,0.0025331635824938008
ck_16a06d58d71935bc,0.030559682501081632
ck_d116e0e7c19b878e,0.9075443134072178
ck_931510e384b1d0cb,0.004642932029381011
ck_e7651fb87bb24132,0.0013705415082862155
ck_88ef9f85948e1a01,0.001990976102970034
ck_17bf38d51115a8f3,0.0010819175440282215
ck_2659d1d3762a2825,0.0030594292885882364
ck_a7285955e2852686,0.006306678936740331
ck_f2c33d5b65b321db,0.013283011134693079
ck_83e5979334345622,0.017461825816954404
ck_629537d8b4d0f395,0.018246620712519104
ck_72022008a92c9386,0.00866784263845264
ck_2973b8274f0bf69b,0.01033627630224647
ck_565e3418d2f4061c,0.00458394719005902
ck_54bb53b8f8ea32ae,0.9920150170840587
ck_af0a6540ea7a36b2,0.0019654738517126957
ck_888651bfc2c8cf70,0.0029749756191388707
ck_1dedcb48ac381a1c,0.05131914499268225
ck_f73273e220296be8,0.009987250926380208
ck_8424bf65223a5a9e,0.003045457866914128
ck_337b930fd149a696,0.006824313159358289
ck_8a4952de8a123ef8,0.003293284499815523
ck_884168153c9c0c81,0.008233377897739272
ck_fdda581aec411010,0.0010070931811499268
ck_2b7cadbc8b180d32,0.8110597482698323
ck_8aa8b9968233a1ab,0.004172284786888501
ck_0af18b3ce015d294,0.002669711635078747
ck_8dde670a735d1e90,0.022111251697270733
ck_62f46226f244139f,0.01096222239660264
ck_f948e8a8fdd79b4e,0.004025845592257394
ck_fa00aa0f3e859904,0.015999764313747753
ck_fc7935f784a4f249,0.0037349139493849694
ck_e7501307c0698e5b,0.004726333775407892
ck_549ed417f2834cee,0.005960287453348129
ck_fb2a35571ec719d4,0.7952657653876475
ck_25822068c86c856f,0.0018658584287653632
ck_8f35d229b62c8f23,0.0030045579719790634
ck_bdcf049c1e7d0c95,0.0033191220534804057
ck_0aa9db36eb16422a,0.0007719798336039695
ck_42dcf92e9e016922,0.036252091078241684
ck_42341cf31c08c981,0.011277902857936175
ck_0b20bfc515ba42a2,0.011559420932270715
ck_0ec820b670d48098,0.001518760353242132
ck_1f0bafec397da8e4,0.03422313907237462
ck_82f07504ab59ed33,0.021065681125907607
ck_337b24a474010abb,0.9943621235213229
ck_703703bda38fdcf8,0.001783997125650617
ck_01e7960c63dca3a4,0.9579206396129706
ck_be5bd81e3715cb8f,0.9685310602504041
ck_197f8058cea1fbea,0.001563651386377032
ck_eb3fb1106f2f1b21,0.037119942491242286
ck_658b4b54be09a4bc,0.9936162244594703
ck_266ce7ccf41ccc50,0.0037277483070463436
ck_110608c3b03d4038,0.8227178674983989
ck_1be8cb95d6d9bbf8,0.001852305014921332
ck_8e16a64a776afa82,0.16654907975375333
ck_34bd190d37eda534,0.02136721398306561
ck_4f521611ae14ae66,0.0005468591358666954
ck_d839798f9520363e,0.017731655717379946
ck_d1bbfd246c0ac9d5,0.019035114120337353
ck_f19030e6e85a6776,0.018541789796840034
ck_cdabe60ab59f9d5a,0.0023020372981920555
ck_bb84b2b30293f566,0.8702666944768457
ck_427b91925952cb40,0.026332830837257317
ck_1078b1e155b5b640,0.005317588920734805
ck_95fdc264eac72fa0,0.004621170909688596
ck_e35eb857c61548b2,0.8664461907211123
ck_69bd0b1abea7e1f0,0.09412315385797795
ck_59de511b20c842ba,0.02095781568159474
ck_168e7ea341a36b80,0.0009778897198359812
ck_4937cfa6526ea138,0.008022398567832859
ck_bb1a981306b750ac,0.023803867389574813
ck_f42a43e4c3f34ccd,0.002789175173784811
ck_c7ae1d4b3ab38185,0.001256136146157879
ck_bd23cf9bba1dd33f,0.006262560632184199
ck_0fd826fad7ec7cd6,0.008284776023724714
ck_f143641bf3dd0414,0.03367075827270148
ck_ad6d48c20a3688a7,0.0037878607740725653
ck_7bda5b5b927b2905,0.04458233828525648
ck_a337eb38eefdcc88,0.02053074365856424
ck_403da2a2d800df9f,0.039235566017702124
ck_aa01d5aafde73d0a,0.001955524579829281
ck_494954023f0eb309,0.012229112201221318
ck_1c6820fc38135ad9,0.003955756762944337
ck_0e0bab173622db9b,0.027412575679935658
ck_547090bf35a3b243,0.003610679765593314
ck_d69455220b21dc9b,0.004414680259632062
ck_90b4ac695b9c6bf7,0.0014456537050078697
ck_8d2afe17c0082e6a,0.0241836407755684
ck_926b81c0ba528eee,0.06942716302893605
ck_ce36b0c287bd198e,0.026684996963630678
ck_8026e017909aaa6c,0.002678793722292151
ck_dfba788f35d4c372,0.0022960770461509647
ck_f09f9d0e0886e0c6,0.006168076269261552
ck_4ffe0366df388604,0.006886002984434038
ck_75bb521de55644c7,0.03509491598832104
ck_81a960fddf79ecf1,0.9511674950004019
ck_8f43459991ea511f,0.0022640720088549964
ck_f878b68d66fbfd4b,0.0013633983786251113
ck_e84abfc0c747c9dd,0.9843435607240095
ck_3ad3fd3cceb56b66,0.9310289853057345
ck_7cf562578c7f158a,0.003842816174577081
ck_f81a97d350397306,0.013624500596193363
ck_255d87b7fb40caa5,0.013591445245051875
ck_b3905153b9eee924,0.013969043178379725
ck_2c80a592fb4cd6a3,0.0018702112773369564
ck_57deb202d4188a29,0.004897749347482341
ck_e3cb5f31d8e94448,0.9940447402474113
ck_0db62d5f7f75f80f,0.007166614192228346
ck_ced9163ea85589ea,0.747770337885982
ck_e16528edc694fb33,0.9845868300015597
ck_78cc5ec4940fec3b,0.003190385738049651
ck_31742076e9a998f8,0.017708579383488365
ck_5ac335f02280271e,0.015930319309840204
ck_7cc2e091806cfa5b,0.010796333829898185
ck_3152c7115257f084,0.004996315834229064
ck_ab1b9d019921bca7,0.005524687057906608
ck_c33a762d98f9b290,0.0009830690600799545
ck_b16a7c51b6f7a6b1,0.03339314197297983
ck_97402a153348e68f,0.0020497010360838045
ck_95391029a21caa24,0.007976050320858715
ck_c2015a1200971fe9,0.011847450749041996
ck_ed4427962c68918c,0.92953993783058
ck_c5e4a17d3efb19a4,0.06046895038681023
ck_8aec3d3dd51517c2,0.0015027423252971495
ck_f5178a658225d8e4,0.0008122740598077568
ck_8594f165e95316d2,0.0042453323766701925
ck_f0c4aac04076a6dc,0.0016521246942199912
ck_ac2f7397801036ef,0.0053597331161410865
ck_d1ea4bcc407c7d5e,0.0020780576195880826
ck_cce8b6657a538fe0,0.0073615473910840865
ck_66d0c6d6b67a8d58,0.0089540584852087
ck_1a6b30320835e57e,0.002966961445012172
ck_8cd274cc85aa35d1,0.01559739764638066
ck_ada46085a78280e4,0.008013964148078815
ck_ce1b06623e4a815e,0.0009924173894183578
ck_45e70c8a9686580c,0.01675515352268694
ck_0084d8ab6b1044f3,0.002577570712190948
ck_a5f7b6fed6df2aba,0.03280827139112236
ck_94940d783e7988e6,0.003498787852270915
ck_00f9ca84d1d8ae7a,0.004083552418358079
ck_0deb56f3f6452818,0.002843457784279518
ck_a58e900469dfc3f0,0.0072630530335726935
ck_028c41b195280980,0.004967860588334566
ck_7661d7ceaeb19f97,0.019262633053898283
ck_6957905a65c47879,0.012918862825494572
ck_f7c6c26ef3c4ae06,0.003892765083771242
ck_8777beb11aabd66d,0.004497420894300065
ck_7db098a17374bbf8,0.9668435715659859
ck_66aeb00e44486cda,0.9099376901538405
ck_838c52cc1d315ec3,0.007003111249749396
ck_1745847cd4e5dc83,0.025549386499767655
ck_201687857ec8b3cc,0.004519054030134587
ck_81818169208a8cda,0.006406806259658811
ck_3303fd3f64632c7c,0.01766298313850795
ck_edf1096809e83ef8,0.001318988314501294
ck_235ce9603c7dccbf,0.013989854987572346
ck_9df7e153868bca13,0.005094544119312544
ck_3cfeade2cf270fee,0.007332905817173821
ck_982b0bf2e2b6c4f7,0.0015048279454066243
ck_faeb0da678bb86c0,0.0012723607609767841
ck_e86ad2fe815b6ed9,0.024769186196358504
ck_70d69e5d1bb99e85,0.0059358317352750725
ck_7e9a8924eab779e6,0.9875934964790276
ck_019d5891103e7da3,0.0047502898536167446
ck_14f0484b3817eda5,0.00453660295903414
ck_85de63d278f0fbae,0.0006706201480538032
ck_ae91b4cff57fb3bf,0.012880986372818023
ck_2a6d43b9f883b78e,0.7654354395505333
ck_7a4e3d553e8ab5b7,0.10756083466734852
ck_fdf89dc69f700f84,0.09465029082390057
ck_f92e04024bf13558,0.0013189401858906265
ck_4a522ca2dc4831a0,0.0009532814789964495
ck_68ba25dc3385fea1,0.025343030445857014
ck_22128a4f0d033422,0.012550013733101908
ck_5b52ee0a13c71590,0.0011141218297831892
ck_59472d17debedafc,0.007929655705385136
ck_9dde2c63acda3ba3,0.004466673480146311
ck_7510b1023cd08531,0.012299356085678202
ck_071ddaaf2e4e3671,0.0018205687449197629
ck_1355db6f4010232a,0.009597734976868789
ck_0a7adc2f27f98510,0.04455658013478927
ck_68250033717cd59e,0.0015735197460309764
ck_7c12de74de30b788,0.6932626618854039
ck_65491367584c730c,0.005133791769127269
ck_e9047964952bee70,0.0116063061780865
ck_5567779d6ba184eb,0.011946844586881923
ck_d6ea026357ec6477,0.007184503154723479
ck_cd7dcc884e283746,0.013437141437335404
ck_0bd77fea8ed75a15,0.0037773435997394923
ck_e80883208e8d0453,0.0023659698418300136
ck_2ad0ecbacd5acf8e,0.9809185729388814
ck_6c1dbee7e8fdd5c8,0.036572122972036665
ck_ee4d9a7449515908,0.002527506927058755
ck_636111f7f030496c,0.008125602385221004
ck_2c629c657f73941f,0.0024652985327605747
ck_c1c9d3842d758420,0.03392591224766883
ck_e4df7faacdfe8c40,0.015687160319575434
ck_94e8142728e44380,0.055161315427794545
ck_765aaf42c5088545,0.004737234663680514
ck_e0f845159b6e6a4a,0.004988095919824402
ck_5bc07deb82edbad7,0.0007707451603650643
ck_713159c5c6a7a4d0,0.9979212689188054
ck_b08afc91d9ca55db,0.006597903608935113
ck_a7bc323ffed2ea97,0.19002001363888466
ck_85ca825f905a34a1,0.007605390195591325
ck_33160c443d4b3f19,0.010663416363954728
ck_832d39c590a3ca75,0.9530090811421084
ck_7d1661a34164406e,0.9928314029735505
ck_c2466fc40fc9d5ed,0.9857941564154358
ck_ed0e776c0926ce67,0.09971895506162684
ck_cdd2ebeec75bfa69,0.7164676787222907
ck_d7877684c7923ec3,0.004965776783821471
ck_7384d4d2406aabf4,0.0035206547647453025
ck_b8e5244e650aa81b,0.00838183891728187
ck_25a1ea40b2d59254,0.0008943955401036125
ck_b9e5b318ee4de68d,0.0024238254413329976
ck_620d7ae27af83cea,0.002761452653121652
ck_40b4e264d1a12b83,0.9599947941970562
ck_b694c803b62862b3,0.008425421061382065
ck_cbeca201dbade3e5,0.017914116336595995
ck_f9b439c9161c3e52,0.0024381404261143553
ck_9880410fcd10a28e,0.0005524450213672536
ck_74928f5f91aa12b2,0.04311788788009838
ck_b6673bbe61d2680d,0.00908993027804976
ck_53c8315b5c30acb4,0.0015768008577601647
ck_78f01d78ea79642f,0.007811559937747464
ck_8582490d6e365a63,0.004695969922979097
ck_af25c72d16299258,0.0006939390726597376
ck_7905fe8e257b0449,0.13602002059926233
ck_0d16d9349e4a9e08,0.002125704111879064
ck_31b16b8848584e98,0.047863643500440325
ck_67207e3eecc02d76,0.010693327132596384
ck_e6b95ff91116a592,0.007494335177548519
ck_c08f622bcd6de6e7,0.05537627945460467
ck_f9a68da9e0f0bc85,0.004008043641517568
ck_4072b59388976896,0.004052224143640717
ck_8ec86e853ad52828,0.02869401952313567
ck_4fecb87eaffd5cb5,0.0034427962101896193
ck_d6880578428b965e,0.03335988314342955
ck_bfc82b3c1c9f2897,0.7937764594686865
ck_c340644176ca03e7,0.004460762123117402
ck_321e740066fb05c3,0.3161617353532076
ck_8929d2eb09872052,0.06400170151154663
ck_205c107cec528414,0.9394027519221742
ck_e76db7d2562f9836,0.0035418592523528236
ck_9ede51c8434cff6e,0.011981308239169682
ck_492e4b89c61b7b6c,0.004344612542357294
ck_9385f5a1eeebefcd,0.018976508734341264
ck_ee52c7bf88f952ab,0.008150940216001186
ck_d8116c34302021d7,0.0012859078938075562
ck_01645ea51972e99a,0.03286047957021984
ck_7b45ed23304a854b,0.0030179418418102345
ck_2096d32f3d497ea1,0.008758518994041505
ck_dfbb2056f1ef7d3b,0.0025934993428911104
ck_938ce30c864bc7df,0.0011083126220415918
ck_ff30dda2c881a4bd,0.6427993879162495
ck_f88c79186a082beb,0.03969927708041587
ck_08c7bb0f9851cb76,0.13193457236637177
ck_2675e7a008e584a7,0.0825024272134228
ck_cbaf8a954281d4e3,0.9684684643391592
ck_8b24eadf6c72b30c,0.47518597315553857
ck_ffc8e3c1377d0706,0.0029830307215788655
ck_5b59e859bed5b40e,0.011640372421877989
ck_7b61717f172f9317,0.9565921236426216
ck_e5c30947b732f661,0.025188006685340707
ck_bc273f3ce79f7e1a,0.0011841836358584493
ck_f69e93388b3028cb,0.03623750842608646
ck_3837ad850996ba60,0.004247270383735534
ck_36d78ff3bc033ee5,0.009418334999652233
ck_5e20953547ba4135,0.04066652172781676
ck_258d661e450ac870,0.0033481687647879043
ck_1df66f537496ca59,0.013126931599879358
ck_361f535599110201,0.005261857456495326
ck_337e98c69f6e7886,0.006811673453069587
ck_d3d5b2717cfc3913,0.01247002767868873
ck_b1dba768dbe7affe,0.0549214167040573
ck_92d782bd9ce0d1e3,0.006551038748634137
ck_26bd0f8898afc8ba,0.0004478540366870161
ck_7916e53daab36745,0.07107826367867125
ck_2caf553b31831a50,0.0045019081327908345
ck_c6200734c7f9b2f9,0.9875639833224543
ck_cdc55623cb16e6a9,0.005115942352236786
ck_57849e15b61c43b4,0.0012871382549249485
ck_b7af9b2ee0eebbc6,0.012494687515043831
ck_00aa5fc3b3bc66aa,0.04635268621161346
ck_9929723f65636c7f,0.9980397161160829
ck_8f6cce9f69912983,0.006306711387543883
ck_c422ba389ff00781,0.0004676985815962882
ck_9ec7f334604a228f,0.02449039898178148
ck_5d01200ba3341462,0.005678013587303642
ck_2bf10be403849c9a,0.0028132848459696148
ck_6ca018259f70858f,0.004918559888698028
ck_a54dc042ebb7c766,0.020974106016457942
ck_79da63fc100830b5,0.0057710861509004795
ck_67ab6f9e05c85085,0.005892778588955632
ck_fa80da579ea9afc0,0.003646278064112317
ck_4339f86c87289222,0.9703229117176685
ck_a2299b4f530be0d6,0.1088170183127301
ck_19db0bf788697c2b,0.0028629983540908936
ck_fa4211c4d826d830,0.0003441952209349672
ck_96100d5e8e051e91,0.0017867870298814317
ck_5c3a671883d58b3f,0.0004358763985880255
ck_2d9524787cfe1ab3,0.9259359510722134
ck_47ab8e51e5b3a2d8,0.000629066165305279
ck_c924f36bc1bbbaa3,0.005703504182792776
ck_5c58e7f8fd55e26c,0.003493948838044654
ck_a07e7409d6d5aa06,0.006127575566255315
ck_c8413898f5f7cb7d,0.013096432858812873
ck_577c816b41cab002,0.9732072036711759
ck_9f7807ed64cdb728,0.008815526831899421
ck_495d814d6d6d521e,0.0011241483136609823
ck_7aa8bc018c2b003b,0.0007942558696366402
ck_7c3a6a82f3c3241d,0.0018739267563330697
ck_487f7fbc290e4ae2,0.003327745296252376
ck_e556c4d36aadbe03,0.0014565641948690504
ck_7e6569a1b2455cb0,0.0006594648654216574
ck_de2924955926d046,0.006389311167147416
ck_73d60b4630e3937a,0.0011809883702214939
ck_805ee564bd35ef15,0.02021002626986508
ck_0d40961e47797027,0.0009223514639919892
ck_f06d00a4f9c87d80,0.0009312397673930719
ck_5ef50fb07b6737d5,0.011782195374932908
ck_16541fc15683e21c,0.0028730718282039148
ck_09fd43f1b7e2eca2,0.0008094555308467521
ck_2a2c336a69b8d68d,0.044945548697362406
ck_2685f38930866af0,0.010190510518432325
ck_298278a9da874437,0.003516666517657323
ck_00bd7803f2530c68,0.004846852203099609
ck_c2b4a1d8c0b6c1cd,0.0008565945815351404
ck_2acb54ca20c3af6c,0.00437076030488238
ck_e3d4b6f681c783ab,0.008820117237862236
ck_f90293f1eba5d7b6,0.01515076699474401
ck_e69d27e8965df0be,0.0013395309774554924
ck_b7f5d10b427346ad,0.001459461443199148
ck_1ce20e4223a936b1,0.004686397957079767
ck_6b97d1ab90f6bdeb,0.05873871441327498
ck_e30e17db5473c7b2,0.03813233062691674
ck_154c8efb19dee665,0.0050999040987106505
ck_6f5bb0c930644cae,0.9977994919882223
ck_9e17699baa83d173,0.0026957761258082002
ck_9693b1eb70880205,0.0031429426329360895
ck_1e97899875bb427b,0.008731368718322401
ck_558a82590f65df69,0.000521909393715743
ck_18df83242ff3cdbb,0.8316513353991298
ck_80ad4396e1084c68,0.02845483706462877
ck_0a993bc947bab61f,0.13771690172624335
ck_5c2d43ff841632f9,0.0018333010456042706
ck_6e4b99fb9725d9fa,0.003788325709396332
ck_e0983999ca26c19e,0.031311840679229284
ck_6573c4947cc8607e,0.02924393228089018
ck_d879d645d6e44207,0.002789433866605644
ck_1375ad9f10688e4a,0.0022639904743530625
ck_7501ebbf4e21f160,0.004380959642540409
ck_ca60d61cd4dc3bea,0.001630072268783433
ck_ab9ea095a5c58b4b,0.01693431908536074
ck_23756522b58df5d8,0.0008423177922365938
ck_90bc176c43d85fd5,0.04087581069331397
ck_908b663b2dda94ad,0.013891473663058438
ck_4df2fb8e4b649e27,0.037842184514500055
ck_5615c6bbdef05291,0.034888930501311914
ck_b62f3e3185251f71,0.0007430932413882864
ck_38d1a22850178f33,0.0010994075649011412
ck_5b3ba20c8bb1383b,0.0025652594044943307
ck_5576ffc6aaf6f22c,0.0004845921942542104
ck_cf7a022178165e56,0.005370068609840329
ck_f2c7a4c50e2ede96,0.017092752060097798
ck_285719c77eadf915,0.0006945892874375671
ck_f2aa1b677619ab19,0.007050369304662486
ck_3830c58d841e9e69,0.32219433644792805
ck_32eba3510c8eac5e,0.002060195705952773
ck_8955d7b9030d5eb5,0.010070584801941073
ck_6775e387dace7525,0.004963961125181505
ck_0a0cd7f4be606a93,0.020882880431173888
ck_a9f700eee5d638df,0.0037739834893444416
ck_3d7db96995745472,0.009010634599578848
ck_aeed557007d52e9c,0.0010962350792776564
ck_79b6a86830156b5a,0.009219662705489219
ck_6a1ff9d69466181c,0.997962115239758
ck_f11b1565f986f5e3,0.017285007389935495
ck_4819327a78615485,0.008100195375871451
ck_3ed9e081959b2f5c,0.004150590711374531
ck_16af4be191c47d3d,0.0008700019318903798
ck_25122cc0e8b1a662,0.0631161597603464
ck_509c22828d467ba3,0.00813643541613422
ck_31109c899336348d,0.2546766540769097
ck_c51131e53baa59c7,0.004435216282582795
ck_cf8ecabbc61d3e11,0.0015739044890487573
ck_eb6baff0f85ba936,0.009364226919384162
ck_777669e2243204f2,0.9021044893613129
ck_ac0ea27e692acdc9,0.009725411083266352
ck_4c6ea04ce8ca9e2c,0.0018040060459585516
ck_ca54b32fca7e94cd,0.002858952020607667
ck_4dfd8947f540eb24,0.010097911833195685
ck_95aff1fe27fb24bb,0.009482903707719975
ck_c7550723b90e5615,0.0016890311870664206
ck_57b3fee69bdf85e8,0.0006194802741112526
ck_f823407ace7ff064,0.01758795486807107
ck_a69084a068bcc8aa,0.01813899028027794
ck_c7b17f7b24bef5d7,0.01460426199999247
ck_7c4e588f927c27c8,0.006101023329180109
ck_77fdac602d0c6f95,0.027078391975669858
ck_e963d8525018d072,0.014407161232953356
ck_6e8ebaea8f7bffaf,0.0009020802577292904
ck_aa42976a31cb7770,0.002481022716622379
ck_22c862a496008c96,0.9971836192913678
ck_527550dd15f38782,0.009715165968581454
ck_b3ab3c210e2c7c19,0.008777513664846547
ck_ed9c56fdb9f45ddc,0.2733497402902902
ck_b53281da70defcfa,0.0034696961214663977
ck_03009b721568ee98,0.027131311016400397
ck_3d9afd862b3f4053,0.2181275378277317
ck_ad3c4be96599554a,0.0034698778550260965
ck_d1c787c27d50af49,0.01787977580139323
ck_c7a9c7b2eef46a99,0.0032072292006013
ck_53036d3c6c74446c,0.03300213612131821
ck_1b1efbd9c0964c8d,0.023657249617615988
ck_d66f42a269d5c1ed,0.00985445295218372
ck_fefc49a2b8ad993e,0.006301666552728482
ck_8b3b874249adece9,0.015714564116359027
ck_193d9c87ad3f1dad,0.0015968709451773984
ck_0c6a50d747593b7b,0.010315222627542413
ck_c830f3830875b47a,0.006159797494124446
ck_79e202f06d8dfe42,0.07395567470920138
ck_5c0fe988b8aa7fcb,0.02809895381925708
ck_a8382d8345f21e1e,0.0013881780837531965
ck_8cb20053914692d0,0.017162769727524632
ck_1da2f69023ca4c13,0.00046792580861050744
ck_38abb60995114f8f,0.012207136056906816
ck_f5791fd8fd8fd191,0.009810968671310944
ck_a4e6fc391b674335,0.19179062344000203
ck_bd771efb4a7e15d0,0.0018329234699671537
ck_38ba4a6b6a292054,0.25710198239832904
ck_f7a07283345a0dce,0.002665640915402563
ck_87dc484baaf5a23a,0.000523116349659604
ck_c84ef83489badbfd,0.008112979781326527
ck_a397cd64ec5d644b,0.005423682812956144
ck_7977135c2ff61e92,0.0037253485654465133
ck_52174855b243a8b0,0.022896944697490818
ck_0f35e930d0614613,0.9909628081901038
ck_b170a7db522a0d6f,0.004154839213068882
ck_7af748a23775bd54,0.0278272250171824
ck_52f641c9ee6fda70,0.0016995682327371228
ck_c3719a30414bbb4d,0.00807280112415944
ck_2baf214ad6bc0dbf,0.014091728224081692
ck_8b39d8aacfdd72b4,0.010414708130573463
ck_d39b0152116203be,0.009267805371764103
ck_ed33f8a937f9c7c8,0.0030407564781207174
ck_8ef97b55a5fd6ec9,0.0010389226826201066
ck_8247f008a14bd1a2,0.00212523229916934
ck_f0d349d68249d5db,0.0006408675329359476
ck_a544e766540861fc,0.022776588079336895
ck_9dfaca4c7c80b10d,0.13204114791244997
ck_7e5401c362b2216a,0.0005340083966456575
ck_64ff60c073fdb6db,0.009773477551662892
ck_fc5ea49518e5d637,0.0009171261554321904
ck_580f136ced341298,0.0008207938709085679
ck_9cbef9bc95449dca,0.0018896918163535657
ck_e475a3b8ba870a7e,0.0027840843084999934
ck_97e94708bcf43563,0.0034984415191172307
ck_13f03ec785cbdae1,0.0005720436039813403
ck_152820d8817f478c,0.003397333355108693
ck_d20d4ba60eec9945,0.006547187383215698
ck_5c45968a805132e0,0.008236785312689267
ck_bebea2cf3063fb24,0.00677455274215189
ck_c3c69aefe7ea1d2f,0.002957040093204479
ck_02028b72f26fe855,0.017555690362114736
ck_dfadff70a58a9133,0.0011408036923423132
ck_6482ed4491bedcaf,0.001651705592755146
ck_754cd7b4a5ae3f94,0.020630502272957693
ck_3132857aec8485bc,0.0005223770972452995
ck_7ce4ca91b8f9f1c1,0.0037777985004628844
ck_41938582f4351772,0.009441798784142303
ck_f87d66946252476c,0.03819056083126087
ck_8053f1879a9b4e43,0.0012551687731161792
ck_93892e91387f5103,0.005328341645569735
ck_15254db133b28371,0.027101661642194894
ck_d557b9feb241b3ec,0.0015701551074754647
ck_71c3a8e4c12c989f,0.0030897449585316297
ck_80e3041811033443,0.01476369043950237
ck_3380d60067b4634b,0.001279862452873991
ck_a9c2cdc758df8510,0.021029303588756213
ck_3c0031d7514da17b,0.026757098919670985
ck_18d214b1418be39d,0.0031610621735322936
ck_7ce768407fd48321,0.01703478990678961
ck_7a50abd42298133b,0.002938199165754286
ck_2db10f987d137582,0.03008440083608482
ck_e077d004cd1d80ae,0.005857410747575812
ck_1cb6dc67f9a321b5,0.0023584690506982075
ck_b864f64101149c35,0.9236239201692058
ck_9bedf54df9418e4a,0.010642890082132532
ck_c47e32c47f0e6578,0.05083671378764972
ck_71f382d5e338daa3,0.0017034650477041984
ck_14b4bf7be6ac2b61,0.011537378985959582
ck_5c87eea1cc07cc92,0.07050338464059007
ck_5f445182829ef342,0.004088735375073128
ck_a5d7311291caaa54,0.0027832983751316987
ck_b7df99aecef385e6,0.019764260222579183
ck_3327a0582407068b,0.005187574891731212
ck_08dba09fd7dab896,0.005091035352699379
ck_f4ec334be5266378,0.0033135602138070477
ck_240f7f894c5a86e7,0.000930479973276914
ck_a9d994554fc14a02,0.0004491817798223791
ck_13648cbd306eee6d,0.0045084564347296395
ck_601edf9105b3c321,0.992975732247295
ck_9527adac182abe57,0.8961389935277891
ck_4e0e80f5cc271bf7,0.0006312083336023294
ck_96a89e720176b389,0.09747970144834514
ck_63560eec94b76d2f,0.003707474158582395
ck_c9c99e5b19aeced8,0.0009963912729289792
ck_bc32655ee5ed643e,0.005953981453980481
ck_edccb5a93b741744,0.003038008999489945
ck_f786cbc987b70930,0.002430588100136847
ck_0e8f26536ccc8947,0.033196632483385266
ck_b87ef4b98cfcec4c,0.005038306188408529
ck_1a9235812de4b2c1,0.004771505354252793
ck_d1ed88ea4211ba4d,0.0017192545673375037
ck_a4ddac49657a4450,0.018242153119685495
ck_d9ffca35188e49d8,0.05091338395155727
ck_3db73bbe03c3d240,0.0005332093933471138
ck_fffa0622344a36ab,0.0010937193027096216
ck_148c28df51bba5e9,0.9756210217324957
ck_076cbc25c8f15fc3,0.9366679235370337
ck_e5ca550b39ed45bf,0.7701738588205291
ck_8dacf3a2061ca17d,0.005067252035177257
ck_2d7394afd61643d0,0.002760074825547844
ck_e42206e91f6a1752,0.0017210466448356056
ck_2f4f94827984c426,0.0014620571786079389
ck_edfe8e90e8f4366e,0.0017172358666891962
ck_646b15f753e5e9c6,0.010818894833883479
ck_66600620149c8799,0.002657645820324092
ck_4ff6fc70bccfba96,0.7792810392095639
ck_41af3729590c2484,0.005479978546526529
ck_920a48ba8c583e96,0.0006750041065808584
ck_0253b3e7be021306,0.0010905877634953657
ck_2ae6949246ea2648,0.0029486305282097865
ck_db23a5100f338d72,0.0027668139317657313
ck_fcb2a559474c3493,0.005308756596724858
ck_0a4d7acd2a53cbbd,0.003509519100408745
ck_c5d62b2b7a6f3bac,0.9748943038082483
ck_cf59f4fc0ea690b2,0.00219379325185078
ck_837be8126bb19250,0.0005986070827499182
ck_58955542edee1adc,0.0010102883784880033
ck_1b93381d8eea58d1,0.0020412375432472428
ck_97b8e05d62abdc14,0.00299849395424707
ck_71a0d645744302a3,0.0027550753525411734
ck_a7b57882ab66b111,0.000625227901415873
ck_65f76421be648549,0.0046571275778234215
ck_b53ea8713d32ca7c,0.012724170109737205
ck_991c4c924a1d85ff,0.9879555147581054
ck_8432ccec1a4ec7fd,0.9946140690314101
ck_64c1633297f43788,0.0009174226157088335
ck_4291fd9c1161d8e1,0.01172941000740578
ck_5e98ed6391d9f429,0.021856967112380842
ck_c7baebe4549fdbb4,0.02424800782233632
ck_6e67225ba59fa5ae,0.010807330290116357
ck_719602def4d35fe0,0.007934035920165616
ck_bdee7c86f5ebe81f,0.011552123190213693
ck_8de38f8c7f91961f,0.06615408179230253
ck_b0b5bf9254700402,0.003130010664218319
ck_7b55d9bb1a250d4f,0.010592640725987975
ck_3954b7b0fd1d6614,0.0006839455289098943
ck_f29471fe7c818d6a,0.0028381099182547653
ck_9e65a8a2f587691a,0.004023741007868197
ck_eaec5f1a83b66eb0,0.17237033311923378
ck_004fe0daecbe2c1a,0.002349278031584662
ck_d17653a4a2d4a79e,0.01332487550300846
ck_0dd417fcbf19e424,0.007410573777060776
ck_4c99a6eadea143e2,0.010997281089999273
ck_74d602c907ee9119,0.0006179805708449547
ck_1aa87cb62acc0ac6,0.00890596818838706
ck_094974d75e29fb2f,0.008163534853113694
ck_5ef935ac3d4d3332,0.005622097367479399
ck_b26e4ae47c9107ed,0.8507770163406354
ck_396cea6f95186ad2,0.006607951471958078
ck_48446a9e8184c7d4,0.004159472166582696
ck_31e1ede23247d56b,0.009309718346555482
ck_7afefa349b960a3e,0.003679764132806153
ck_f5e02a3432571b20,0.025904468128719115
ck_64eefec062592c43,0.005265332223681524
ck_a1201284122c141f,0.00812698016935243
ck_1b34c420a4c85a95,0.0013473772870259085
ck_d637a011332ba67a,0.002592511993081297
ck_99c0004d8b7079f8,0.01680648351106876
ck_948517bad569b40f,0.018209969408704098
ck_a28d6b1601b472a6,0.00617849539558636
ck_a0b4209feb31f5c0,0.9984086330852286
ck_d6d2c1f6dfc455b6,0.36017508915304886
ck_3f9e6d356d3dd3cf,0.0005574870810111722
ck_d08e00c842b75176,0.0009384861879282975
ck_bfdd232a7c5f2660,0.01206564710485831
ck_2cdad03ed069438c,0.03140187204199625
ck_42317c3eabd0a285,0.7107979243762714
ck_3eb73e56751c704d,0.010037104472750392
ck_ef33c04f4c9e3758,0.006240954313740868
ck_1dc23dc870f1773d,0.011436219235364123
ck_76091f357974a152,0.02269525657618141
ck_4d9eb75e8eee90fd,0.008384430391865202
ck_578f67e69e5d2cfd,0.013068077795862092
ck_3a8ce1cc724229b8,0.00037747566394988834
ck_a96887f841e80fc1,0.009421520963314141
ck_d2d4a8f4a9f2c33f,0.002578936542468825
ck_11f85bc705dbe036,0.1921098557013509
ck_7429b3f87528e335,0.002925614818322182
ck_26df74feac7ec51d,0.003467486115922999
ck_c78b2638fadd91ab,0.013593628045459856
ck_7eaad325abe3b50c,0.0010569890850085904
ck_fd44e34af620e606,0.008459273385691841
ck_f99738dff854e25f,0.0008908336397829598
ck_1ffbce3a239bb264,0.001908290300821197
ck_96c7d52ba0a766ef,0.029924599593886138
ck_cb1c00c300af3f9e,0.02884858161460034
ck_ec3d12848ced99f2,0.01690686564529323
ck_26cfd7c3c6c7bf69,0.004304195963437813
ck_7ae86b5a885affc3,0.006689148652282136
ck_3edaa94d28cd48ea,0.004306660676466121
ck_3209c530c9812e39,0.00172682060347452
ck_ea62ebfc1f04b49a,0.0019271936658527126
ck_5fc90b4668ea81bf,0.004172829588684184
ck_95654593cdebd141,0.0016043023543841027
ck_958c0bd61820147f,0.018384165877264175
ck_8440ef1386c07194,0.003055695362405431
ck_8cd1b68dd74b1375,0.16969989451224088
ck_c9eb4df91ff07f2c,0.020583573058428953
ck_c29489366c01fe65,0.990669234787352
ck_c965fd6bec0f0ecd,0.01044132917568939
ck_84c402b23766e1f2,0.00557354822408253
ck_181f3dae03b87136,0.01492173464096034
ck_022a8ae79eb28cf6,0.9713260992824355
ck_469c17407d17b706,0.005007288923768984
ck_1fcc5843f39148a9,0.0007595775204798467
ck_5debd55f361b2ddf,0.003304897511071752
ck_28cb9b03e89263f1,0.0005442436257553809
ck_f067470743d3c7a2,0.023102172431632814
ck_d5d225ce41a1a762,0.002949282001107497
ck_15b4840922195ffd,0.004444238151680676
ck_6bcfa37c717f19f1,0.014252974807213364
ck_8d501a0386c66be8,0.06880965643341887
ck_1a9d6190c57ea7e2,0.4173638234256612
ck_c49832eabdac5bb7,0.0006569615133105451
ck_b4331140b2e0d4aa,0.0016626016777312497
ck_5efbea1befdefe1b,0.03932030928711667
ck_72ff52c4824072ce,0.004360248786385691
ck_ec3715add8bbb6e9,0.0012023506703217617
ck_9822f8ed05335741,0.0041431806097352655
ck_c3d7d3d12a1981a3,0.00217287589282621
ck_a115a7919ac5875a,0.01650536338400937
ck_4dd4ed23e0b927b7,0.054304616073923936
ck_4c76efcc1ee6762d,0.016892980092314255
ck_3ad6e7bf452c9b21,0.0028929247266779663
ck_dcbab304b55a42c7,0.008114413863122893
ck_24b53090faf722cf,0.0036943745660668556
ck_187317383400491d,0.0038072007411859682
ck_e07fd57565c94c28,0.00639684633159344
ck_740e760fdcd27835,0.0012644524223258185
ck_d3796aebda1cfed5,0.8378380983318007
ck_e541967c681cb929,0.046117581039726505
ck_431118050b834dcb,0.002932757128434857
ck_90f3655f0c8a0074,0.0007976792802026141
ck_13cd943777651aac,0.007462900159398977
ck_66accecabf3901c0,0.0055588449603696
ck_937f0da2306b2eb9,0.0023024238822397583
ck_105b0c93573fd5b7,0.5695732875854114
ck_00480407160e0743,0.0021317125339908065
ck_e032068be7b77d15,0.005454748473324309
ck_991b7dfd69098320,0.0007152747508537315
ck_37d47cf0f34574a2,0.0006610518253765277
ck_011551a596544f5d,0.0014655249008934026
ck_9acd98f4fe2d474e,0.030179657896598495
ck_7c88d3d377bb61bb,0.0066873205678352945
ck_e2374c7136c964fd,0.00883022684171962
ck_2fa8f2577116e9ca,0.01479462775424158
ck_d07c5b0321c685ea,0.038664219435347764
ck_bc736114a31088a7,0.0034438034486064546
ck_32bb42f9bff197f8,0.0022553818694803027
ck_66267bbad1f1415f,0.9949850944163643
ck_19988702ccd79201,0.008109427816255677
ck_f473a03fbcdbc4b0,0.001528534796571556
ck_e3f1d85fa5d49396,0.00361960826222756
ck_c4402ea6291df271,0.013468815354000185
ck_243bd5ca8c4ae5d0,0.011577400681686643
ck_f271e855925e8d6b,0.06134756716861661
ck_e424148c6f2223df,0.0009060024912136693
ck_e4d0a9e1102a58b5,0.001953506379565935
ck_91c2a5fe69b9b1d1,0.008820391067169312
ck_5fd8924732fe403e,0.9218137328966345
ck_9a881d5433126ada,0.004190632391535089
ck_73cab88b29c7845d,0.04023395127874614
ck_5b5dea6476d4e182,0.01397694684334765
ck_ccccb17d2ca6ce94,0.010413587963858193
ck_cd1dc68e441222b1,0.9370779632401721
ck_8312c49b1431a406,0.010730572697535488
ck_25fea39897f2a559,0.0009368990957436743
ck_f56200205280bddf,0.014926057653798142
ck_7336611650dcc088,0.0010647670729477463
ck_590716322ff147ae,0.02007324336855301
ck_c82364d87875a1a1,0.005472993917537682
ck_fa4b60387d744fc5,0.00042489321759237
ck_d841eba8906e9a15,0.0005601560606799853
ck_d6df562a79b9d0d9,0.0041110136104448945
ck_59a14d2564193101,0.0010811873768002923
ck_8530158e3d7f59e7,0.0009267217609775035
ck_ac68d707006c12a8,0.006028937040044738
ck_976fac1bb3dd8c58,0.011141973777383123
ck_f854fba8f4adae3d,0.08076551416464611
ck_b98e9c3ec6e7d1e7,0.002616561541169335
ck_803c0b4cf9d4bc1d,0.0033211877325527647
ck_76997a33c3ea5107,0.000777506315484434
ck_f1a9d832b700bda1,0.9936351122889584
ck_2bd96ddb8c323d63,0.9965647496951897
ck_9e5b7acf51b1b743,0.008259546258469565
ck_09169f22194fd6aa,0.007500578922698683
ck_6d69e092f9b0848b,0.0069455170380184166
ck_9f83fa5a2d3b9049,0.006701752338973381
ck_57bbb19eecb4b87c,0.0016340902610697476
ck_e0e9cfabb979f428,0.0016483180101572932
ck_b1ff9edc51d42f97,0.0012083237386232666
ck_4682fad271d47eb0,0.9369913161297918
ck_ab33fb754c818ae3,0.004391625199126406
ck_b456f62b80e21557,0.0007943432627779708
ck_16340be3f2a7fffd,0.000941389873735748
ck_ce66831f6611014c,0.0033510299240888538
ck_4610a073bb54d1b1,0.018811835585506375
ck_fd038a7d33a9d6e5,0.0006359873506969181
ck_c8198cb4c461304f,0.009014812819261947
ck_1e7de58822000dea,0.007783716721255989
ck_b2a79dd3df560f14,0.004769595493572304
ck_74a06f347b32347f,0.00456641872216758
ck_c6fdb2972417c9bd,0.004852691285568915
ck_d7607a213b800bfb,0.011769039965577602
ck_df65967b8b40319c,0.000736613614491321
ck_329a73dbd585ee09,0.0047639842739443964
ck_74991a9e85c3b07d,0.0045210841702232425
ck_bb76609b79e0bc9f,0.031002105875748406
ck_f7fc1bd0b9ab1fa4,0.022618554275570954
ck_d111c98b36bdb791,0.0015426819309617705
ck_f07e27d125497b66,0.011262503126208516
ck_093e3a7134e11d6b,0.002524849153809971
ck_862c7953bdea48b0,0.003918948109518303
ck_392cf2cdd515c34d,0.0024711833811606044
ck_80eb91b0b4001084,0.026786430381263632
ck_5923f53b77193a58,0.1056651068316951
ck_8049f5fce32be185,0.9185160531286449
ck_ebc5a2c6cf88e252,0.0050248003086998325
ck_9ea5872f14cce338,0.005749111121324896
ck_f7fbc95ebf584379,0.0010864680463460636
ck_bafe82c870356706,0.9960241406726833
ck_278b36c5932d9bff,0.000785517179209292
ck_6a892dd5d05c1649,0.00201977816201647
ck_0734fd90b2cabd43,0.006505814925121665
ck_9b552204498b6762,0.008719719570912962
ck_f6c909c205767956,0.016069994011706286
ck_32f590e87bc3d715,0.0007459664066848142
ck_66a8325f28be7562,0.02430435040451339
ck_b129261da9c3c3c9,0.002467141521022882
ck_a524071c51ddde20,0.0068742421443367075
ck_ba576d6d4cb6130b,0.04979396561352226
ck_8d8226520722af78,0.10728331145013009
ck_c5b0f0d4f1655a20,0.004337242948048613
ck_61814ae9b6d8eab1,0.006255925392328757
ck_382ebf136f7fa337,0.12903429233401215
ck_423ff4ede6a9f066,0.009885606724290038
ck_546ad962d04b7de4,0.9943216232558809
ck_9473ea4a01c95f9a,0.01690055381966864
ck_9eb1da8cd35a50ce,0.0036454848438491954
ck_de5eaa2cdbcb67ff,0.042318965321577806
ck_537cc97d0398c922,0.05982205908640931
ck_998475a2e4dfad4e,0.001501065373978661
ck_e62eb708d2688fae,0.006788079074561146
ck_ea623358f704daa7,0.06560510391526184
ck_b911a09f328dfd4b,0.003859678658912637
ck_4b3506b624e5193c,0.008918437936532539
ck_448456f96788713b,0.013763204007352741
ck_5d5ef9e75f65d076,0.009300040591759318
ck_3b74512f774a6e5a,0.001563917604808039
ck_a032e8ac1507c6df,0.907996563836369
ck_7e2d6b22a0ae20c2,0.009156542328818289
ck_d80283209c963f11,0.005618530981768441
ck_d1157eade2ac3975,0.0023913721265614437
ck_be48f583f79427f7,0.009198776238178474
ck_0027b5d4107d65d8,0.03074560400169164
ck_94fff69584dd3b2a,0.015193900826184487
ck_75fcda73f0b43557,0.0030221719523767857
ck_a1c78972e4ee4082,0.030561233222523042
ck_f0982bbdbd122f91,0.005351678317766244
ck_3199b471575aeb3a,0.0012308924589252664
ck_7fa947a0b1c1cf74,0.005134939175580649
ck_a60c618b7f0e4252,0.0014730891276780605
ck_722ac47c8ac9b6c3,0.5147094627528244
ck_d44dc3839a195c8a,0.04129582043559733
ck_a2c3e82fab520483,0.0052817695408969405
ck_6f8ae0319c07cafe,0.0008118242522690741
ck_49886ff1e2c759d6,0.011365085213290717
ck_150a1108f936e6b0,0.002034796984316501
ck_e21f9f96f597695b,0.0024225518292268957
ck_7297bff2b7fdcbc8,0.0005064944684756707
ck_ee949c71f4f702eb,0.9846786713408082
ck_6fc37dea4b4f35c6,0.0433239528121039
ck_e76257caa98dc25d,0.9885417691133412
ck_828eef2334e17b3a,0.023749434808120105
ck_604e1b8a8c693aa7,0.0014125103419523662
ck_7743c9fe037d1f9e,0.005614515325397657
ck_864a11202e19e812,0.08020438919383718
ck_4ec040b9e3785e4a,0.0011506449997207866
ck_7346e4f820d9c00a,0.9180552747309176
ck_48d4d63beb26b623,0.008620737889508033
ck_c423aa6de3ed1e01,0.0012581528188717055
ck_d74b2ead8aaa3f73,0.011997846044185755
ck_1dd69a11daa7bf1a,0.008479116516573635
ck_d9143e236eef177f,0.007528963297741414
ck_f790d91e5ff0eccd,0.6340934599896225
ck_69b5620e00ef5dec,0.0006099140278062687
ck_cd32e58e8a1c0e85,0.005262854487369819
ck_064013b0957d87a5,0.997890186267492
ck_a481385c2e60dc4a,0.0019403882683232782
ck_d72035cb29db3aa4,0.011487266923916908
ck_3759939a0205306d,0.0020952755390151985
ck_f437a53fc832ec95,0.9114648725573236
ck_260ef2f3e6434819,0.020925963063889247
ck_35e411b05d22f663,0.002565579315668547
ck_8bf46e472f3e20de,0.02384552144794052
ck_d546994fc5d3e9d1,0.004472333500484764
ck_6ff0fc7487e737e7,0.3499492456471261
ck_5c67f27816ae0b6f,0.010961655059654936
ck_c5517923458106ae,0.0028834444629961195
ck_d9735647a6b0b0a7,0.5289486323452842
ck_541a734fc457246f,0.00996542880566757
ck_2f6a639468f41043,0.002421230867933716
ck_bea2cf7a6b7bb900,0.0029001690434050584
ck_7eebd0e6ad6c070e,0.0028446725625009914
ck_b64c87d5e3b10e6a,0.8874297492971442
ck_9dd7daacb7833233,0.004884088384105186
ck_396e9ea9a6c6d7d9,0.028602489773526526
ck_1645e6cc53fa99ff,0.007869637260344415
ck_ea2a83ccb8d57490,0.0013924302775191189
ck_e64f0df63e1be595,0.02036940027839522
ck_fa0b234481cb57d3,0.008871867528287038
ck_63379e3c9fe6f711,0.02168049326003595
ck_c67f7944896a0310,0.012946965871382625
ck_c10e54c9db29e6ef,0.9959299768888342
ck_7184ad7709ae4c80,0.011664296110459278
ck_f8b6069d7577fde6,0.001914595333693212
ck_18444be153bac1ca,0.9530378568537659
ck_d0982b4e0e118e4d,0.007678826398548251
ck_6faf3e6820398866,0.008566048526216685
ck_97e980463aca4644,0.0024205052877384944
ck_630c835243c66b19,0.9951159749307803
ck_fe429ba3e1aa0e4f,0.004217267033854146
ck_1058129ed7b48c59,0.007212744838240326
ck_04a1a46f07885296,0.00575048709441113
ck_f01e94331067edf6,0.009294721364087592
ck_77b2fb17c29f5e72,0.008469917924133633
ck_4f0c5857da45fb28,0.08346085611670742
ck_2cfb9a7775e8a5bc,0.978861744897618
ck_6846100e43659bf3,0.0010198149629730108
ck_f89719a854fe11d7,0.011416940665330288
ck_bf47375e41ca3bc0,0.002982049624452485
ck_2770b0400a7bef08,0.013394895121801836
ck_2a09d142de1c77ff,0.006474100218950787
ck_857a1f5547b9ad68,0.0050033760947173125
ck_185f15b1523bbcf4,0.0020811217133843455
ck_ab2aed614ec1cdf8,0.01207255354613035
ck_a9e7f3b2d5dfd97b,0.004640973216488084
ck_0eeb3d9b3e697edb,0.019594644638127066
ck_fa5830d81bc8ddc1,0.0009754692930496339
ck_231ae0329ebc3220,0.0025157602220791985
ck_1587763dd54688c9,0.018045361354601115
ck_9f85fea4490c00cf,0.01298670743949317
ck_a2d709e7eb91e4af,0.03228890674719375
ck_43637d28c7216453,0.0012103181789370147
ck_f3ab5dd853d38252,0.020170856929936323
ck_4a1f0172d3bf4fd3,0.009421531468864838
ck_517620ca16505af0,0.0007257982039616299
ck_9ae904fbef56065c,0.0017291008905077267
ck_d5ef1f6e34bb35b8,0.01860044262612328
ck_ff42557857ae3aeb,0.001227463363579942
ck_ad9a18f58589faa7,0.0012663580477444071
ck_df1a6edaa3e6b271,0.001912805100428777
ck_99021fe7225b5a68,0.03514527207339957
ck_99e52c3c2530b69e,0.9944751841422478
ck_3a4811dc4a1a891d,0.002949340788443117
ck_ba3a6be026c87079,0.001953132471020953
ck_da6d1e5cf6aba6fd,0.0060200959222183065
ck_ddc7c1f3d45fe6e6,0.005501347857631222
ck_e1b1e7a7e4a15b3e,0.0032148467817273694
ck_8288f7f226e08b89,0.002079249561077621
ck_c4524993ec31dbe5,0.003817109379381214
ck_8b19bb5b23b6741c,0.013183555551215018
ck_d21b38231a8a9f4a,0.05608527700914481
ck_3f730318a9792292,0.004218104873632682
ck_a4db6e94a8f77f9d,0.03266383979092811
ck_a8cac8d480306839,0.0010385540820274167
ck_5472214011fbc2a7,0.0019965542363648827
ck_7356f47dbbbe7904,0.0015602534270620935
ck_16801e628e883d78,0.0031039149156167557
ck_0dc1e536231c4860,0.00956340474807162
ck_7cd0634a6e60af83,0.014683797702332708
ck_ef6f8e048ae1bd4b,0.002976214917454685
ck_82f3f744209888ac,0.020646580208414658
ck_f33188c232a03526,0.1452306529729769
ck_4a59f4e10bf45d7f,0.0010510184330782058
ck_d96c893721385e4e,0.0005643701271721637
ck_f65ab819373edb37,0.006691452265954677
ck_21cac21fc10b7768,0.0015375924050172382
ck_139b54e6ccbdd7da,0.021431154753861356
ck_d6f5c8741697abb3,0.005141843990819711
ck_a28d9bb5590d458f,0.05904438009098487
ck_ed26d906883bea0a,0.003090623632374673
ck_227602ad072b838b,0.0008641589598155008
ck_39d5f6c17c745ab1,0.0006212005701160378
ck_744eade757ba69b5,0.019397945383221187
ck_c1295d97cdf35ec2,0.003474775357507046
ck_69105f881da3c821,0.01181999040483944
ck_933789b55361d7c1,0.8729717773553017
ck_b667952253503174,0.004592463638039076
ck_7bf668e25abeeb05,0.004973619604073229
ck_91742711dfdffd56,0.011524095614611752
ck_af32a0660090dd68,0.0063572324789992855
ck_2122f201e65f76ee,0.002753306099925385
ck_f48acb73a5d6af07,0.05370249070927433
ck_337c5684510cf432,0.015517081545522659
ck_f7bde7265053364d,0.0029046126069610803
ck_c190c7b924edba75,0.05711522305762503
ck_044fa3b3a003f0b5,0.007943029548605457
ck_87eb43e3b9d96169,0.020242036747176853
ck_2d3d6c9364362017,0.0005488193808333142
ck_ac55dc6cbcdf8228,0.006678826965052298
ck_61d7b0568ec5d6cf,0.016985001401477826
ck_89c74feeaffa7d09,0.0009405983634327205
ck_93776b0c113f41f0,0.07572089759046045
ck_15e0b679931f7a8d,0.0020021248743590197
ck_77b56c49cfdb1d81,0.09735852647065302
ck_73188a826b5f499f,0.00372515623109547
ck_4f463ef25325ddfa,0.48808107445724014
ck_863db2e394dc47d1,0.996506249894578
ck_d52432ed597f3cc9,0.0024005672675721694
ck_04fb61e5739642f8,0.04613164935264355
ck_2e481d75d110c06d,0.47924930641906194
ck_3fa1a523d77cd619,0.010257452928133081
ck_466dc6274fecd708,0.0024559215252667604
ck_e1790b3aa2241b10,0.9510234635180367
ck_84ad096a46e1a960,0.014410675849565204
ck_3be72c9c178fa00d,0.058737209252379644
ck_5a17c89219d1d9fe,0.007249216969828045
ck_4f639f4ee6ce8d9e,0.01621861422734155
ck_f4ec4a935e51b4db,0.022347476677739456
ck_f04040a830f92bac,0.00766868536964048
ck_3e4d02a04be2aaf8,0.01989854157764733
ck_4d1baef193cfb900,0.011305656034312207
ck_0fb3153d37626b75,0.0002771739429640691
ck_88ec57a11b11f702,0.9725490917489347
ck_dca9dc465f759db4,0.002217211972197855
ck_64f5fba6af67e024,0.02929341743408256
ck_896096cb167254ef,0.021015366203780257
ck_7878679065876b98,0.008067812867034
ck_fe8e5a6c880ceb4e,0.005377266393392142
ck_a5e036327d3d1862,0.0005360729665230472
ck_310f73940fc4cf4f,0.00822382512417076
ck_46a8db16ad00b749,0.009186278033770912
ck_0d33977c3de8cfaf,0.9981550640577227
ck_c6fff412f531db0f,0.00033584220370408636
ck_bac6dadf428eaea9,0.0108924384625519
ck_1b96d9af0d7da2d5,0.0030170093321496777
ck_fa8a4a9e77799fcc,0.0034324351812132165
ck_0bf48607a874b4d1,0.007834664517770408
ck_eeb75f8a6439f65e,0.004701927454654622
ck_a209a5f7d172125e,0.0035928939105496173
ck_8f346b72fb40bf14,0.00263919969990974
ck_bccbf9fef367f00f,0.005388785821170628
ck_2d1548f1ee405cc9,0.008176941023975733
ck_e8298ff2dc1e9d50,0.005825400595454265
ck_77c0fb524edb4a94,0.0024920136988876825
ck_28ac4c5134cb8e77,0.008021777823137215
ck_db23a0e3e54be60c,0.8937450373728091
ck_a059d00cee5cee99,0.0013463131161655698
ck_3e9e3bba8bd363af,0.0014058123545407299
ck_0428728df24cdab4,0.0071018886235801465
ck_88cd35378075c84f,0.0006411476487673466
ck_0174d76398d9dc0f,0.0172878053177637
ck_3f1287e6c27de0dc,0.005352027273764313
ck_ff822700f3605e06,0.9977579095875635
ck_4563227b2038ae07,0.06716745202687334
ck_788e78065526ee19,0.005324341415268058
ck_8a16eb584093b12f,0.0005246049771403433
ck_cc276f71ab6c08fd,0.008591420781758698
ck_d61d97b21002f3e9,0.015808398651649184
ck_4b2e87d86a5e415c,0.008100986519679203
ck_3e6f35e4500d2f2a,0.0012789353632651273
ck_3acdb083e0d8ad61,0.0010451029513367837
ck_cd655202db489010,0.001123401026491917
ck_829cbf5ccda481ae,0.001353380395617145
ck_f5882e6f98b8b4cd,0.0007874278205225319
ck_767947540b234add,0.002920605017854226
ck_a6e8e8f535b1f1d1,0.011508923804211877
ck_58412a2674fea506,0.0217081396369239
ck_fae7e518a585fa61,0.006513490439627924
ck_9c60ae6958d68dbd,0.06001768413958314
ck_328696b8f5e54ec6,0.051140927943779765
ck_7df3f8f4f1068d62,0.001848714169771096
ck_cfadd21458230ef7,0.001375181902877826
ck_7048bedd554c703b,0.0012686334852115714
ck_50422466f145bfd7,0.0009662296998440424
ck_61e1f7168cd9ff25,0.011118031068260075
ck_733aff0f56f5b3c9,0.024857425743389998
ck_e14892e424180549,0.0025647227798353844
ck_03f6664a96de7d0f,0.015980415378329924
ck_b7f4baa2cc82fe61,0.0020390613334648204
ck_1e51199a075ca0fa,0.0010696772997492283
ck_0e70516fa07cfb17,0.9010730989206599
ck_0f37c554a5057801,0.3747655846515109
ck_5576b725de38d106,0.003860505996117109
ck_82f360df1e9f4eb8,0.011389841763049982
ck_395f3bd4aacd7ca6,0.009252830369975519
ck_5e8e857b63966609,0.2765684628263696
ck_93470896f0804b6b,0.9348720193178627
ck_3be854e42e76569a,0.0028908721435177537
ck_0567302c57a2417e,0.04292127535909602
ck_ee535461b5f05539,0.876505015834024
ck_94a096c36162a153,0.003070869701527085
ck_dfc8f5c141fd7c63,0.015649493182092175
ck_98b34f2d704c1c2a,0.009542632799535655
ck_96dff7a09d45f116,0.013959943887227863
ck_79557434c129ba52,0.004013460516985095
ck_4596624a7c01d501,0.004544381639394739
ck_04e89fbd739243fa,0.001183940887832448
ck_6149ffaf18872dc8,0.0027785800640723808
ck_cd78f0832a09bd8f,0.7774212143170205
ck_7e29c10d781c3b41,0.0109550432799323
ck_1f7ee7b23fc6f2f4,0.001402360057858181
ck_c49b685d2b3ab89a,0.0010444355049990665
ck_84569a8fc50e73ac,0.003565617016794096
ck_b92b11d205af91eb,0.0005233608101072806
ck_06280e6d6d2485b0,0.0037524529115295344
ck_3c08546dd0c92863,0.005314785778581209
ck_99d3983f907828bf,0.0016767834122514073
ck_eccfd552aa652d3c,0.009349956129931718
ck_0cff8153881875ba,0.009463007538072997
ck_c1aebbeca6ab5ff9,0.00189988760250473
ck_538fdbbb3c2bcbbb,0.04123353272378485
ck_8c0210322733c718,0.0034306629470253727
ck_0b0c93039f987abc,0.0015378068717788636
ck_6d07d6d1bd227d37,0.10723341631971796
ck_9b6ee35e8cd0b11c,0.001341431742016781
ck_d838491d3d4f5ecf,0.0024205706348107065
ck_0593ae243a9ebee9,0.0035078093398760767
ck_ef261fc09be8eb0b,0.002314835805352183
ck_d0935b571a4a3868,0.005006310425415036
ck_97d04a67a104af39,0.014029457425863118
ck_e25f70d0b7229420,0.010664003808627495
ck_9b71274ff83de482,0.9551181213176589
ck_6de2aa2bb60978d3,0.024687655281591947
ck_eda55c8fb47593d7,0.0017790752975362346
ck_924e572517515f19,0.8400776200659507
ck_d6f27eacbad310f4,0.0035701492038894105
ck_8550f229b5eb03ab,0.0013080897816912455
ck_e3e95546a84d0ed8,0.006900616022788396
ck_3135c019696ee6af,0.9917475450395546
ck_41ba315d8fccb559,0.0018152605325134946
ck_72b86e4485da2d0f,0.9933839640736619
ck_daaa995f3c2f0e47,0.010614841262157462
ck_053746067839696b,0.010767629623608319
ck_a15fe7d0f4b65c33,0.9394965230503465
ck_15de11438732bb05,0.0018152141988606514
ck_2c4d25acbe3fabd9,0.004297828502973024
ck_7f08078908599bd2,0.030367562822424546
ck_e794741742fb2619,0.0046020092313001975
ck_238e53b6dee8c301,0.0013528290965969443
ck_53a6a33060d5c8b8,0.004036192490954663
ck_0e0919292ad33472,0.9788311737164535
ck_d86ccf148c06c8c8,0.04932130575210275
ck_c881f26c9bf9ae42,0.17768408947865028
ck_4b0947bf94e9d847,0.011064897264732608
ck_e10ff5c38bd18470,0.004788026271064619
ck_b60de9e97aad9e45,0.9571373747674463
ck_190bc849e5ff5401,0.006893450195163235
ck_e7be077aa0b2632c,0.0011350163362656065
ck_a51abde881ebeff3,0.005266534420297256
ck_2208392a9f6bd249,0.008129417653130876
ck_0259da8f109017e9,0.001061977902594706
ck_05e01ab9c95449da,0.009177311527073611
ck_c82897ebffb6ae66,0.0020824908160039938
ck_b4a6bb4689cd7cfa,0.008495465077712712
ck_9e21ea33018ce538,0.019884215255149433
ck_caa348f0e65db062,0.9874307329228249
ck_a964e6b5d8415334,0.1136794341195704
ck_510bfbbee37ff436,0.010376035193563449
ck_9741a82faf5c7889,0.04392845910814002
ck_e7f61b4a39ba98ac,0.0008233081758933892
ck_069d158665a53909,0.0048040957621426315
ck_6426427efe3228af,0.014041584742532313
ck_ab4a8d02ec3c0fd7,0.0003797406010305368
ck_aefa0d8d933e0eca,0.008280819055905745
ck_232325ef6bce92f1,0.0061250621372480555
ck_14e58c3fb26a2b4d,0.006825974210610805
ck_06e73afdec26aecc,0.04132696607800902
ck_3168f4f2778d64e1,0.0040143169281075895
ck_ff3998d6858daa21,0.001083623820412676
ck_bccff46fb0868454,0.020841667187742642
ck_c7d444d90fa86d7c,0.09317164464412761
ck_f0bc3bdee6bfbb94,0.010291709572782281
ck_f7112818a6d81422,0.01806185148905834
ck_aca35dbcb835ad02,0.021017809913229553
ck_f637fabf0f60528f,0.08226998656082878
ck_53d17ab97de1ac3e,0.0028224390629416635
ck_c8c1bf16d9113493,0.016897999207934285
ck_e842fb0cf055a83b,0.015984297906583733
ck_93c0cb3dac4891fe,0.0011693721444084883
ck_0c1f088e17e46daf,0.014602330807365439
ck_8f4b384955bf57c9,0.005245228061895184
ck_09cd5c4df1e81ac2,0.5199714258069807
ck_1e832a5b2342554f,0.00818581513367858
ck_2cb763a881aee27f,0.0005062461675705554
ck_5875828b11406398,0.02505383659521978
ck_48e84b0cb0b90fa7,0.015930038366542304
ck_833688de8629c5c0,0.0012436938859921138
ck_117d78ccd5820f36,0.016503734917593053
ck_668ec61c4c39cae3,0.0012493833239531492
ck_73a7794b659d7a34,0.001420168887243505
ck_10f90d879209734f,0.008777731617648745
ck_d1d079913aa158bf,0.0009250787576475816
ck_01c631b38e8a9535,0.014955969426052984
ck_f6923088c17a04e2,0.043413359669215196
ck_b447badc9138987d,0.0004110339938562639
ck_8b772caed8f1541c,0.0050888162176808945
ck_5403c76fe68a08ba,0.30999309836083844
ck_3e6833574edf1736,0.0070137767422995
ck_e527fbb9450a4581,0.9403882962985746
ck_cc90e219f1ebf390,0.0010737473674374285
